school, address
"47 The American Sign Language and English Secondary School", "223 EAST 23 STREET MANHATTAN, NY 10010"
"ACORN Community High School", "561 GRAND AVENUE BROOKLYN, NY 11238"
"Andries Hudde", "2500 NOSTRAND AVENUE BROOKLYN, NY 11210"
"Aspirations Diploma Plus High School", "402 EASTERN PARKWAY BROOKLYN, NY 11225"
"Automotive High School", "50 BEDFORD AVENUE BROOKLYN, NY 11222"
"Aviation Career & Technical Education High School", "45-30 36 STREET QUEENS, NY 11101"
"BATTERY PARK CITY SCHOOL", "55 BATTERY PLACE MANHATTAN, NY 10280"
"Bayside High School", "32-24 CORPORAL KENNEDY STREET QUEENS, NY 11361"
"Benjamin N. Cardozo High School", "57-00 223RD STREET BAYSIDE, NY 11364"
"Brighter Choice Community School", "280 HART STREET BROOKLYN, NY 11206"
"Bronx Alliance Middle School", "3750 BAYCHESTER AVENUE BRONX, NY 10466"
"Bronx Arena High School", "1440 STORY AVENUE BRONX, NY 10473"
"Bronx High School for the Visual Arts", "2040 ANTIN PL BRONX, NY 10462"
"Bronx Leadership Academy High School", "1710 WEBSTER AVENUE BRONX, NY 10457"
"Bronx Regional High School", "1010 REV. J. A. POLITE AVENUE BRONX, NY 10459"
"Bronx Studio School for Writers and Artists", "928 SIMPSON STREET BRONX, NY 10459"
"Brooklyn Arbor Elementary School", "325 SOUTH 3 STREET BROOKLYN, NY 11211"
"Brooklyn College Academy - Bridge to Brooklyn", "350 CONEY ISLAND AVENUE BROOKLYN, NY 11218"
"Brooklyn Landmark Elementary School", "251 MAC DOUGAL STREET BROOKLYN, NY 11233"
"Central Park East High School", "1573 MADISON AVENUE MANHATTAN, NY 10029"
"Cobble Hill School of American Studies", "347 BALTIC STREET BROOKLYN, NY 11201"
"College Point Collaborative", "12406 14TH AVENUE QUEENS, NY 11356"
"Collegiate Institute for Math and Science", "925 ASTOR AVENUE BRONX, NY 10469"
"Community Health Academy of the Heights", "504 WEST 158TH STREET MANHATTAN, NY 10032"
"Community Voices Middle School", "145-00 SPRINGFIELD BOULEVARD QUEENS, NY 11413"
"Crotona International High School", "2474 CROTONA AVENUE BRONX, NY 10458"
"Curtis High School", "105 HAMILTON AVENUE STATEN ISLAND, NY 10301"
"EAST NEW YORK ELEMENTARY SCHOOL OF EXCELLENCE", "605 SHEPHERD AVENUE BROOKLYN, NY 11208"
"Eagle Academy for Young Men", "4143 THIRD AVENUE BRONX, NY 10457"
"East Flatbush Community Research School", "905 WINTHROP STREET BROOKLYN, NY 11203"
"Elementary School for Math, Science, and Technology", "125 EAST 181 STREET BRONX, NY 10453"
"Evergreen M.S. for Urban Exploration", "125 COVERT STREET BROOKLYN, NY 11207"
"Eximius College Preparatory Academy: A College Board School", "1363 FULTON AVENUE BRONX, NY 10456"
"Expeditionary Learning School for Community Leaders", "2630 BENSON AVENUE BROOKLYN, NY 11214"
"Fairmont Neighborhood School", "1550 VYSE AVENUE BRONX, NY 10460"
"Fannie Lou Hamer Freedom High School", "1021 JENNINGS STREET BRONX, NY 10460"
"Fort Hamilton High School", "8301 SHORE ROAD BROOKLYN, NY 11209"
"Franklin Delano Roosevelt High School", "5800 20 AVENUE BROOKLYN, NY 11204"
"Frederick Douglass Academy", "2581 7TH AVENUE MANHATTAN, NY 10039"
"GRANT AVENUE ELEMENTARY SCHOOL", "250 EAST 164 STREET BRONX, NY 10456"
"Goldie Maple Academy", "3-65 BEACH 56 STREET QUEENS, NY 11692"
"Gregory Jocko Jackson School of Sports, Art and Technology (The)", "213 OSBORN STREET BROOKLYN, NY 11212"
"Harlem Renaissance High School", "22 EAST 128 STREET MANHATTAN, NY 10035"
"Harry S Truman High School", "750 BAYCHESTER AVENUE BRONX, NY 10475"
"High School for Environmental Studies", "444 WEST 56 STREET MANHATTAN, NY 10019"
"High School for Law, Advocacy and Community Justice", "122 AMSTERDAM AVENUE MANHATTAN, NY 10023"
"High School for Public Service: Heroes of Tomorrow", "600 KINGSTON AVENUE BROOKLYN, NY 11203"
"High School of World Cultures", "1300 BOYNTON AVENUE BRONX, NY 10472"
"Hillcrest High School", "160-05 HIGHLAND AVENUE QUEENS, NY 11432"
"I.S. 024 Myra S. Barnes", "750 DURANT AVENUE STATEN ISLAND, NY 10308"
"I.S. 027 Anning S. Prall", "11 CLOVE LAKE PLACE STATEN ISLAND, NY 10310"
"I.S. 059 Springfield Gardens", "132-55 RIDGEDALE STREET QUEENS, NY 11413"
"I.S. 061 Leonardo Da Vinci", "98-50 50 AVENUE QUEENS, NY 11368"
"I.S. 068 Isaac Bildersee", "956 EAST 82 STREET BROOKLYN, NY 11236"
"I.S. 072 Rocco Laurie", "33 FERNDALE AVENUE STATEN ISLAND, NY 10314"
"I.S. 093 Ridgewood", "66-56 FOREST AVENUE QUEENS, NY 11385"
"I.S. 117 Joseph H. Wade", "1865 MORRIS AVENUE BRONX, NY 10453"
"I.S. 125 Thom J. McCann Woodside", "46-02 47 AVENUE QUEENS, NY 11377"
"I.S. 136 Charles O. Dewey", "4004 4 AVENUE BROOKLYN, NY 11232"
"I.S. 141 The Steinway", "37-11 21 AVENUE QUEENS, NY 11105"
"I.S. 171 Abraham Lincoln", "528 RIDGEWOOD AVENUE BROOKLYN, NY 11208"
"I.S. 211 John Wilson", "1001 EAST 100 STREET BROOKLYN, NY 11236"
"I.S. 219 New Venture School", "3630 THIRD AVENUE BRONX, NY 10456"
"I.S. 228 David A. Boody", "228 AVENUE S BROOKLYN, NY 11223"
"I.S. 229 Roland Patterson", "275 HARLEM RIVER PARK BRIDGE BRONX, NY 10453"
"I.S. 237", "46-21 COLDEN STREET QUEENS, NY 11355"
"I.S. 238 - Susan B. Anthony Academy", "88-15 182 STREET QUEENS, NY 11423"
"I.S. 281 Joseph B Cavallaro", "8787 24 AVENUE BROOKLYN, NY 11214"
"I.S. 285 Meyer Levin", "5909 BEVERLY ROAD BROOKLYN, NY 11203"
"I.S. 30 Mary White Ovington", "7002 4TH AVENUE BROOKLYN, NY 11209"
"I.S. 303 Herbert S. Eisenberg", "501 WEST AVENUE BROOKLYN, NY 11224"
"I.S. 318 Eugenio Maria De Hostos", "101 WALTON STREET BROOKLYN, NY 11206"
"I.S. 340", "227 STERLING PLACE BROOKLYN, NY 11238"
"I.S. 347 School of Humanities", "35 STARR STREET BROOKLYN, NY 11221"
"I.S. 49 Berta A. Dreyfus", "101 WARREN STREET STATEN ISLAND, NY 10304"
"I.S. 528 Bea Fuller Rodgers School", "180 WADSWORTH AVENUE MANHATTAN, NY 10033"
"I.S. 98 Bay Academy", "1401 EMMONS AVENUE BROOKLYN, NY 11235"
"I.S. R002 George L. Egbert", "333 MIDLAND AVENUE STATEN ISLAND, NY 10306"
"International HS at Lafayette", "2630 BENSON AVENUE BROOKLYN, NY 11214"
"International School for Liberal Arts", "2780 RESERVOIR AVENUE BRONX, NY 10468"
"Irwin Altman Middle School 172", "81-14 257 STREET QUEENS, NY 11004"
"J.H.S. 008 Richard S. Grossley", "108-35 167 STREET QUEENS, NY 11433"
"J.H.S. 050 John D. Wells", "183 SOUTH 3 STREET BROOKLYN, NY 11211"
"J.H.S. 052 Inwood", "650 ACADEMY STREET MANHATTAN, NY 10034"
"J.H.S. 054 Booker T. Washington", "103 WEST 107 STREET MANHATTAN, NY 10025"
"J.H.S. 057 Whitelaw Reid", "125 STUYVESANT AVENUE BROOKLYN, NY 11221"
"J.H.S. 062 Ditmas", "700 CORTELYOU ROAD BROOKLYN, NY 11218"
"J.H.S. 078 Roy H. Mann", "1420 EAST 68 STREET BROOKLYN, NY 11234"
"J.H.S. 098 Herman Ridder", "1619 BOSTON ROAD BRONX, NY 10460"
"J.H.S. 104 Simon Baruch", "330 EAST 21 STREET MANHATTAN, NY 10010"
"J.H.S. 123 James M. Kieran", "1025 MORRISON AVENUE BRONX, NY 10472"
"J.H.S. 127 The Castle Hill", "1560 PURDY STREET BRONX, NY 10462"
"J.H.S. 131 Albert Einstein", "885 BOLTON AVENUE BRONX, NY 10473"
"J.H.S. 143 Eleanor Roosevelt", "511 WEST 182ND STREET MANHATTAN, NY 10033"
"J.H.S. 144 Michelangelo", "2545 GUNTHER AVENUE BRONX, NY 10469"
"J.H.S. 189 Daniel Carter Beard", "144-80 BARCLAY AVENUE QUEENS, NY 11355"
"J.H.S. 201 The Dyker Heights", "8010 12 AVENUE BROOKLYN, NY 11228"
"J.H.S. 202 Robert H. Goddard", "138-30 LAFAYETTE STREET QUEENS, NY 11417"
"J.H.S. 210 Elizabeth Blackwell", "93-11 101 AVENUE QUEENS, NY 11416"
"J.H.S. 218 James P. Sinnott", "370 FOUNTAIN AVENUE BROOKLYN, NY 11208"
"J.H.S. 220 John J. Pershing", "4812 9TH AVENUE BROOKLYN, NY 11220"
"J.H.S. 227 Edward B. Shallow", "6500 16 AVENUE BROOKLYN, NY 11204"
"J.H.S. 234 Arthur W. Cunningham", "1875 EAST 17 STREET BROOKLYN, NY 11229"
"J.H.S. 259 William Mckinley", "7305 FT HAMILTON PARKWAY BROOKLYN, NY 11228"
"J.H.S. 278 Marine Park", "1925 STUART STREET BROOKLYN, NY 11229"
"J.H.S. 291 Roland Hayes", "231 PALMETTO STREET BROOKLYN, NY 11221"
"J.H.S. 292 Margaret S. Douglas", "301 VERMONT STREET BROOKLYN, NY 11207"
"James Madison High School", "3787 BEDFORD AVENUE BROOKLYN, NY 11229"
"James Weldon Johnson", "176 EAST 115 STREET MANHATTAN, NY 10029"
"John Dewey High School", "50 AVENUE X BROOKLYN, NY 11223"
"Jonas Bronck Academy", "400 EAST FORDHAM ROAD BRONX, NY 10458"
"Life Sciences Secondary School", "320 EAST 96 STREET MANHATTAN, NY 10128"
"Locke School of Arts and Engineering (The)", "20 WEST 112 STREET MANHATTAN, NY 10026"
"M.S. 061 Dr. Gladstone H. Atwell", "400 EMPIRE BOULEVARD BROOKLYN, NY 11225"
"M.S. 113 Ronald Edmonds Learning Center", "300 ADELPHI STREET BROOKLYN, NY 11205"
"M.S. 131", "100 HESTER STREET MANHATTAN, NY 10002"
"M.S. 137 America's School of Heroes", "109-15 98 STREET QUEENS, NY 11417"
"M.S. 158 Marie Curie", "46-35 OCEANIA STREET QUEENS, NY 11361"
"M.S. 180 Dr. Daniel Hale Williams", "700 BAYCHESTER AVENUE BRONX, NY 10475"
"M.S. 260 Clinton School Writers & Artists", "10 East 15th Street MANHATTAN, NY 10003"
"M.S. 301 Paul L. Dunbar", "890 CAULDWELL AVENUE BRONX, NY 10456"
"M.S. 302 Luisa Dessus Cruz", "681 KELLY STREET BRONX, NY 10455"
"M.S.129 Academy for Independent Learning and Leadership", "2055 MAPES AVENUE BRONX, NY 10460"
"MANHATTAN ACADEMY FOR ARTS & LANGUAGE", "111 EAST 33RD STREET MANHATTAN, NY 10016"
"Magnet School of Math, Science and Design Technology", "511 7 AVENUE BROOKLYN, NY 11215"
"Martin Van Buren High School", "230-17 HILLSIDE AVENUE QUEENS, NY 11427"
"Middle College High School", "1186 CARROLL STREET BROOKLYN, NY 11225"
"Middle School 322", "4600 BROADWAY MANHATTAN, NY 10040"
"Middle School for Art and Philosophy", "1084 LENOX ROAD BROOKLYN, NY 11212"
"Mott Hall Bronx High School", "1595 BATHGATE AVENUE BRONX, NY 10457"
"Mott Hall High School", "6 EDGECOMBE AVENUE MANHATTAN, NY 10030"
"New Design High School", "350 GRAND STREET MANHATTAN, NY 10002"
"New Dorp High School", "465 NEW DORP LANE STATEN ISLAND, NY 10306"
"New Explorations into Science, Technology and Math High School", "111 COLUMBIA STREET MANHATTAN, NY 10002"
"New Millenium Business Acad. MS", "1000 TELLER AVENUE BRONX, NY 10456"
"Origins High School", "3000 AVENUE X BROOKLYN, NY 11235"
"P.S. /I.S. 384 Frances E. Carter", "242 COOPER STREET BROOKLYN, NY 11207"
"P.S. 001 Alfred E. Smith", "8 HENRY STREET MANHATTAN, NY 10038"
"P.S. 001 The Bergen", "309 47 STREET BROOKLYN, NY 11220"
"P.S. 002 Alfred Zimberg", "75-10 21 AVENUE QUEENS, NY 11370"
"P.S. 002 Meyer London", "122 HENRY STREET MANHATTAN, NY 10002"
"P.S. 004 Duke Ellington", "500 WEST 160 STREET MANHATTAN, NY 10032"
"P.S. 004 Maurice Wollin", "200 NEDRA LANE STATEN ISLAND, NY 10312"
"P.S. 005 Dr. Ronald Mcnair", "820 HANCOCK STREET BROOKLYN, NY 11233"
"P.S. 005 Ellen Lurie", "3703 TENTH AVENUE MANHATTAN, NY 10034"
"P.S. 007 Abraham Lincoln", "858 JAMAICA AVENUE BROOKLYN, NY 11208"
"P.S. 008 Issac Varian", "3010 BRIGGS AVENUE BRONX, NY 10458"
"P.S. 008 Luis Belliard", "465 WEST 167 STREET MANHATTAN, NY 10032"
"P.S. 009 Sarah Anderson", "100 WEST 84 STREET MANHATTAN, NY 10024"
"P.S. 011 Highbridge", "1257 OGDEN AVENUE BRONX, NY 10452"
"P.S. 011 William T. Harris", "320 WEST 21 STREET MANHATTAN, NY 10011"
"P.S. 012 James B. Colgate", "42-00 72 STREET QUEENS, NY 11377"
"P.S. 013 Clement C. Moore", "55-01 94 STREET QUEENS, NY 11373"
"P.S. 013 Roberto Clemente", "557 PENNSYLVANIA AVENUE BROOKLYN, NY 11207"
"P.S. 014 Fairview", "107-01 OTIS AVENUE QUEENS, NY 11368"
"P.S. 015 Patrick F. Daly", "71 SULLIVAN STREET BROOKLYN, NY 11231"
"P.S. 016 John J. Driscoll", "195 DANIEL LOW TERRACE STATEN ISLAND, NY 10301"
"P.S. 017 Henry D. Woodworth", "208 NORTH 5 STREET BROOKLYN, NY 11211"
"P.S. 018 Edward Bush", "101 MAUJER STREET BROOKLYN, NY 11206"
"P.S. 018 John G. Whittier", "221 BROADWAY STATEN ISLAND, NY 10310"
"P.S. 018 John Peter Zenger", "502 MORRIS AVENUE BRONX, NY 10451"
"P.S. 019 Asher Levy", "185 1 AVENUE MANHATTAN, NY 10003"
"P.S. 020 Port Richmond", "161 PARK AVENUE STATEN ISLAND, NY 10302"
"P.S. 021 Crispus Attucks", "180 CHAUNCEY STREET BROOKLYN, NY 11233"
"P.S. 021 Edward Hart", "147-36 26 AVENUE QUEENS, NY 11354"
"P.S. 021 Philip H. Sheridan", "715 EAST 225 STREET BRONX, NY 10466"
"P.S. 022 Graniteville Extension", "1860 FOREST AVENUE STATEN ISLAND, NY 10303"
"P.S. 026 The Carteret School", "4108 VICTORY BOULEVARD STATEN ISLAND, NY 10314"
"P.S. 028 Mount Hope", "1861 ANTHONY AVENUE BRONX, NY 10457"
"P.S. 028 Wright Brothers", "475 WEST 155 STREET MANHATTAN, NY 10032"
"P.S. 030 Westerleigh", "200 WARDWELL AVENUE STATEN ISLAND, NY 10314"
"P.S. 031 Samuel F. Dupont", "75 MESEROLE AVENUE BROOKLYN, NY 11222"
"P.S. 031 William T. Davis", "55 LAYTON AVENUE STATEN ISLAND, NY 10301"
"P.S. 032 Belmont", "690 EAST 183 STREET BRONX, NY 10458"
"P.S. 033 Timothy Dwight", "2424 JEROME AVENUE BRONX, NY 10468"
"P.S. 036 Margaret Douglas", "123 MORNINGSIDE DRIVE MANHATTAN, NY 10027"
"P.S. 036 Unionport", "1070 CASTLE HILL AVENUE BRONX, NY 10472"
"P.S. 038 The Pacific", "450 PACIFIC STREET BROOKLYN, NY 11217"
"P.S. 041 Francis White", "411 THATFORD AVENUE BROOKLYN, NY 11212"
"P.S. 041 Greenwich Village", "116 WEST 11 STREET MANHATTAN, NY 10011"
"P.S. 041 Gun Hill Road", "3352 OLINVILLE AVENUE BRONX, NY 10467"
"P.S. 042 Benjamin Altman", "71 HESTER STREET MANHATTAN, NY 10002"
"P.S. 042 Claremont", "1537 WASHINGTON AVENUE BRONX, NY 10457"
"P.S. 044 Marcus Garvey", "432 MONROE STREET BROOKLYN, NY 11221"
"P.S. 044 Thomas C. Brown", "80 MAPLE PARKWAY STATEN ISLAND, NY 10303"
"P.S. 046 Alley Pond", "64-45 218 STREET QUEENS, NY 11364"
"P.S. 046 Arthur Tappan", "2987 FREDERICK DOUGLASS BOULEVARD MANHATTAN, NY 10039"
"P.S. 046 Edgar Allan Poe", "279 EAST 196 STREET BRONX, NY 10458"
"P.S. 047 John Randolph", "1794 EAST 172 STREET BRONX, NY 10472"
"P.S. 048 Mapleton", "6015 18 AVENUE BROOKLYN, NY 11204"
"P.S. 048 William Wordsworth", "108-29 155 STREET QUEENS, NY 11433"
"P.S. 049 Dorothy Bonawit Kole", "63-60 80th Street QUEENS, NY 11379"
"P.S. 052 John C. Thompson", "450 BUEL AVENUE STATEN ISLAND, NY 10305"
"P.S. 052 Sheepshead Bay", "2675 EAST 29 STREET BROOKLYN, NY 11235"
"P.S. 053 Basheer Quisim", "360 EAST 168 STREET BRONX, NY 10456"
"P.S. 053 Bay Terrace", "330 DURANT AVENUE STATEN ISLAND, NY 10308"
"P.S. 054 Charles W. Leng", "1060 WILLOWBROOK ROAD STATEN ISLAND, NY 10314"
"P.S. 055 Henry M. Boehm", "54 OSBORNE STREET STATEN ISLAND, NY 10312"
"P.S. 056 Norwood Heights", "341 EAST 207 STREET BRONX, NY 10467"
"P.S. 057 Crescent", "2111 CROTONA AVENUE BRONX, NY 10457"
"P.S. 057 Hubert H. Humphrey", "140 PALMA DRIVE STATEN ISLAND, NY 10304"
"P.S. 058", "459 EAST 176 STREET BRONX, NY 10457"
"P.S. 059 The Community School of Technology", "2185 BATHGATE AVENUE BRONX, NY 10457"
"P.S. 060 Alice Austen", "55 MERRILL AVENUE STATEN ISLAND, NY 10314"
"P.S. 060 Woodhaven", "91-02 88 AVENUE QUEENS, NY 11421"
"P.S. 062 Chester Park", "97-25 108 STREET QUEENS, NY 11419"
"P.S. 062 Inocensio Casanova", "660 FOX STREET BRONX, NY 10455"
"P.S. 063 Author's Academy", "1260 FRANKLIN AVENUE BRONX, NY 10456"
"P.S. 064 Robert Simon", "600 EAST 6 STREET MANHATTAN, NY 10009"
"P.S. 066 School of Higher Expectations", "1001 JENNINGS STREET BRONX, NY 10460"
"P.S. 067 Charles A. Dorsey", "51 SAINT EDWARDS STREET BROOKLYN, NY 11205"
"P.S. 067 Mohegan School", "2024 MOHEGAN AVENUE BRONX, NY 10460"
"P.S. 069 Daniel D. Tompkins", "144 KEATING PLACE STATEN ISLAND, NY 10314"
"P.S. 069 Jackson Heights", "77-02 37 AVENUE QUEENS, NY 11372"
"P.S. 070 Max Schoenfeld", "1691 WEEKS AVENUE BRONX, NY 10457"
"P.S. 071 Rose E. Scala", "3040 ROBERTS AVENUE BRONX, NY 10461"
"P.S. 072 Dr. William Dorney", "2951 DEWEY AVENUE BRONX, NY 10465"
"P.S. 075 Mayda Cortiella", "95 GROVE STREET BROOKLYN, NY 11221"
"P.S. 076 A. Philip Randolph", "220 WEST 121 STREET MANHATTAN, NY 10027"
"P.S. 076 The Bennington School", "900 ADEE AVENUE BRONX, NY 10469"
"P.S. 078 Anne Hutchinson", "1400 NEEDHAM AVENUE BRONX, NY 10469"
"P.S. 081 Thaddeus Stevens", "990 DEKALB AVENUE BROOKLYN, NY 11221"
"P.S. 083 Donald Hertz", "1840 BOGART AVENUE BRONX, NY 10462"
"P.S. 083 Luis Munoz Rivera", "219 EAST 109 STREET MANHATTAN, NY 10029"
"P.S. 084 Jose De Diego", "250 BERRY STREET BROOKLYN, NY 11211"
"P.S. 085 Judge Charles Vallone", "23-70 31 STREET QUEENS, NY 11105"
"P.S. 086 Kingsbridge Heights", "2756 RESERVOIR AVENUE BRONX, NY 10468"
"P.S. 086 The Irvington", "220 IRVING AVENUE BROOKLYN, NY 11237"
"P.S. 089 Bronx", "980 MACE AVENUE BRONX, NY 10469"
"P.S. 091 Bronx", "2170 AQUEDUCT AVENUE BRONX, NY 10453"
"P.S. 091 The Albany Avenue School", "532 ALBANY AVENUE BROOKLYN, NY 11203"
"P.S. 092 Adrian Hegeman", "601 PARKSIDE AVENUE BROOKLYN, NY 11226"
"P.S. 093 Albert G. Oliver", "1535 STORY AVENUE BRONX, NY 10473"
"P.S. 094 The Henry Longfellow", "5010 6 AVENUE BROOKLYN, NY 11220"
"P.S. 095 Sheila Mencher", "3961 HILLMAN AVENUE BRONX, NY 10463"
"P.S. 095 The Gravesend", "345 VAN SICKLEN STREET BROOKLYN, NY 11223"
"P.S. 096 Joseph Lanzetta", "216 EAST 120 STREET MANHATTAN, NY 10035"
"P.S. 097 Bronx", "1375 MACE AVENUE BRONX, NY 10469"
"P.S. 097 Forest Park", "85-52 85 STREET QUEENS, NY 11421"
"P.S. 098 Shorac Kappock", "512 WEST 212 STREET MANHATTAN, NY 10034"
"P.S. 099 Isaac Asimov", "1120 EAST 10 STREET BROOKLYN, NY 11230"
"P.S. 100 Glen Morris", "111-11 118 STREET QUEENS, NY 11420"
"P.S. 100 Isaac Clason", "800 TAYLOR AVENUE BRONX, NY 10473"
"P.S. 100 The Coney Island School", "2951 WEST 3 STREET BROOKLYN, NY 11224"
"P.S. 101 The Verrazano", "2360 BENSON AVENUE BROOKLYN, NY 11214"
"P.S. 102 The Bayview", "211 72 STREET BROOKLYN, NY 11209"
"P.S. 103 Hector Fontanez", "4125 CARPENTER AVENUE BRONX, NY 10466"
"P.S. 104 The Bays Water", "26-01 MOTT AVENUE QUEENS, NY 11691"
"P.S. 105 Sen Abraham Bernstein", "725 BRADY AVENUE BRONX, NY 10462"
"P.S. 105 The Blythebourne", "1031 59 STREET BROOKLYN, NY 11219"
"P.S. 106 Edward Everett Hale", "1328 PUTNAM AVENUE BROOKLYN, NY 11221"
"P.S. 107 Thomas A Dooley", "167-02 45 AVENUE QUEENS, NY 11358"
"P.S. 107", "1695 SEWARD AVENUE BRONX, NY 10473"
"P.S. 108 Assemblyman Angelo Del Toro Educational Complex", "1615 MADISON AVENUE MANHATTAN, NY 10029"
"P.S. 108 Sal Abbracciamento", "200 LINWOOD STREET BROOKLYN, NY 11208"
"P.S. 109 Sedgwick", "1771 POPHAM AVENUE BRONX, NY 10453"
"P.S. 11 Thomas Dongan School", "51 JEFFERSON STREET STATEN ISLAND, NY 10304"
"P.S. 110 Theodore Schoenfeld", "580 CROTONA PARK SOUTH BRONX, NY 10456"
"P.S. 111 Adolph S. Ochs", "440 WEST 53 STREET MANHATTAN, NY 10019"
"P.S. 111 Jacob Blackwell", "37-15 13 STREET QUEENS, NY 11101"
"P.S. 111 Seton Falls", "3740 BAYCHESTER AVENUE BRONX, NY 10466"
"P.S. 112 Bronxwood", "1925 SCHIEFFELIN AVENUE BRONX, NY 10466"
"P.S. 112 Jose Celso Barbosa", "535 EAST 119 STREET MANHATTAN, NY 10035"
"P.S. 115 Alexander Humboldt", "586 WEST 177 STREET MANHATTAN, NY 10033"
"P.S. 115 Daniel Mucatel School", "1500 EAST 92 STREET BROOKLYN, NY 11236"
"P.S. 117 J. Keld / Briarwood School", "85-15 143 STREET QUEENS, NY 11435"
"P.S. 119 Amersfort", "3829 AVENUE K BROOKLYN, NY 11210"
"P.S. 119", "1075 PUGSLEY AVENUE BRONX, NY 10472"
"P.S. 120 Carlos Tapia", "18 BEAVER STREET BROOKLYN, NY 11206"
"P.S. 120 Queens", "58-01 136 STREET QUEENS, NY 11355"
"P.S. 122 Mamie Fay", "21-21 DITMARS BOULEVARD QUEENS, NY 11105"
"P.S. 123 Mahalia Jackson", "301 WEST 140 STREET MANHATTAN, NY 10030"
"P.S. 123 Suydam", "100 IRVING AVENUE BROOKLYN, NY 11237"
"P.S. 124 Silas B. Dutcher", "515 4 AVENUE BROOKLYN, NY 11215"
"P.S. 126 Dr Marjorie H Dunbar", "175 WEST 166 STREET BRONX, NY 10452"
"P.S. 126 Jacob August Riis", "80 CATHERINE STREET MANHATTAN, NY 10038"
"P.S. 127 Mckinley Park", "7805 7 AVENUE BROOKLYN, NY 11228"
"P.S. 128 Bensonhurst", "2075 84 STREET BROOKLYN, NY 11214"
"P.S. 130 Hernando De Soto", "143 BAXTER STREET MANHATTAN, NY 10013"
"P.S. 130 The Parkside", "70 OCEAN PARKWAY BROOKLYN, NY 11218"
"P.S. 131 Brooklyn", "4305 FT HAMILTON PARKWAY BROOKLYN, NY 11219"
"P.S. 133 Fred R Moore", "2121 5 AVENUE MANHATTAN, NY 10037"
"P.S. 134 George F. Bristow", "1330 BRISTOW STREET BRONX, NY 10459"
"P.S. 134 Hollis", "203-02 109 AVENUE QUEENS, NY 11412"
"P.S. 135 Sheldon A. Brookner", "5811 DITMAS AVENUE BROOKLYN, NY 11203"
"P.S. 135 Sheldon A. Brookner", "684 LINDEN BOULEVARD BROOKLYN, NY 11203"
"P.S. 138 Brooklyn", "760 PROSPECT PLACE BROOKLYN, NY 11216"
"P.S. 139 Alexine A. Fenty", "330 RUGBY ROAD BROOKLYN, NY 11226"
"P.S. 142 Amalia Castro", "100 ATTORNEY STREET MANHATTAN, NY 10002"
"P.S. 147 Isaac Remsen", "325 BUSHWICK AVENUE BROOKLYN, NY 11206"
"P.S. 148 Queens", "89-02 32 AVENUE QUEENS, NY 11369"
"P.S. 149 Christa Mcauliffe", "93-11 34 AVENUE QUEENS, NY 11372"
"P.S. 149 Sojourner Truth", "41 WEST 117 STREET MANHATTAN, NY 10026"
"P.S. 150 Charles James Fox", "920 EAST 167 STREET BRONX, NY 10459"
"P.S. 150 Christopher", "364 SACKMAN STREET BROOKLYN, NY 11212"
"P.S. 150 Queens", "40-01 43 AVENUE QUEENS, NY 11104"
"P.S. 151 Lyndon B. Johnson", "763 KNICKERBOCKER AVENUE BROOKLYN, NY 11207"
"P.S. 152 Dyckman Valley", "93 NAGLE AVENUE MANHATTAN, NY 10040"
"P.S. 154 Harriet Tubman", "250 WEST 127 STREET MANHATTAN, NY 10027"
"P.S. 157 Benjamin Franklin", "850 KENT AVENUE BROOKLYN, NY 11205"
"P.S. 158 Warwick", "400 ASHFORD STREET BROOKLYN, NY 11207"
"P.S. 159 Isaac Pitkin", "2781 PITKIN AVENUE BROOKLYN, NY 11208"
"P.S. 160 Walt Disney", "4140 HUTCHINSON RIVER PKWAY EA BRONX, NY 10475"
"P.S. 160", "1057 52ND STREET BROOKLYN, NY 11219"
"P.S. 161 Pedro Albizu Campos", "499 WEST 133 STREET MANHATTAN, NY 10027"
"P.S. 161 The Crown", "330 CROWN STREET BROOKLYN, NY 11225"
"P.S. 163 Alfred E. Smith", "163 WEST 97 STREET MANHATTAN, NY 10025"
"P.S. 163 Arthur A. Schomburg", "2075 WEBSTER AVENUE BRONX, NY 10457"
"P.S. 164 Caesar Rodney", "4211 14 AVENUE BROOKLYN, NY 11219"
"P.S. 165 Edith K. Bergtraum", "70-35 150 STREET QUEENS, NY 11367"
"P.S. 166 Henry Gradstein", "33-09 35 AVENUE QUEENS, NY 11106"
"P.S. 169 Bay Terrace", "18-25 212 STREET QUEENS, NY 11360"
"P.S. 169 Sunset Park", "4305 7 AVENUE BROOKLYN, NY 11232"
"P.S. 170", "1598 TOWNSEND AVENUE BRONX, NY 10452"
"P.S. 172 Beacon School of Excellence", "825 4 AVENUE BROOKLYN, NY 11232"
"P.S. 173 Fresh Meadows", "174-10 67 AVENUE QUEENS, NY 11365"
"P.S. 175 City Island", "200 CITY ISLAND AVENUE BRONX, NY 10464"
"P.S. 175 The Lynn Gross Discovery School", "64-35 102 STREET QUEENS, NY 11374"
"P.S. 176 Cambria Heights", "120-45 235 STREET QUEENS, NY 11411"
"P.S. 176 Ovington", "1225 69 STREET BROOKLYN, NY 11219"
"P.S. 177 The Marlboro", "346 AVENUE P BROOKLYN, NY 11204"
"P.S. 178 - Dr. Selman Waksman", "850 BAYCHESTER AVENUE BRONX, NY 10475"
"P.S. 178 Saint Clair Mckelway", "2163 DEAN STREET BROOKLYN, NY 11233"
"P.S. 179 Kensington", "202 AVENUE C BROOKLYN, NY 11218"
"P.S. 183 Dr. Richard R. Green", "2-45 BEACH 79 STREET QUEENS, NY 11693"
"P.S. 184 Newport", "273 NEWPORT STREET BROOKLYN, NY 11212"
"P.S. 184m Shuang Wen", "327 CHERRY STREET MANHATTAN, NY 10002"
"P.S. 185 Walter Kassenbrock", "8601 RIDGE BOULEVARD BROOKLYN, NY 11209"
"P.S. 186 Dr. Irving A Gladstone", "7601 19 AVENUE BROOKLYN, NY 11214"
"P.S. 189 Lincoln Terrace", "1100 EAST NEW YORK AVENUE BROOKLYN, NY 11212"
"P.S. 189", "2580 AMSTERDAM AVENUE MANHATTAN, NY 10040"
"P.S. 191 Paul Robeson", "1600 PARK PLACE BROOKLYN, NY 11233"
"P.S. 192 Jacob H. Schiff", "500 WEST 138 STREET MANHATTAN, NY 10031"
"P.S. 193 Gil Hodges", "2515 AVENUE L BROOKLYN, NY 11210"
"P.S. 194 Countee Cullen", "244 WEST 144 STREET MANHATTAN, NY 10030"
"P.S. 194 Raoul Wallenberg", "3117 AVENUE W BROOKLYN, NY 11229"
"P.S. 196 Ten Eyck", "207 BUSHWICK AVENUE BROOKLYN, NY 11206"
"P.S. 197 John B. Russwurm", "2230 5 AVENUE MANHATTAN, NY 10037"
"P.S. 198 Brooklyn", "4105 FARRAGUT ROAD BROOKLYN, NY 11210"
"P.S. 199X - The Shakespeare School", "1449 SHAKESPEARE AVENUE BRONX, NY 10452"
"P.S. 200 Benson School", "1940 BENSON AVENUE BROOKLYN, NY 11214"
"P.S. 202 Ernest S. Jenkyns", "982 HEGEMAN AVENUE BROOKLYN, NY 11208"
"P.S. 203 The School for Future Leaders", "5101 AVENUE M BROOKLYN, NY 11234"
"P.S. 204 Vince Lombardi", "8101 15 AVENUE BROOKLYN, NY 11228"
"P.S. 206 Joseph F Lamb", "2200 GRAVESEND NECK ROAD BROOKLYN, NY 11229"
"P.S. 207 Elizabeth G. Leary", "3874 FLATLANDS AVENUE BROOKLYN, NY 11234"
"P.S. 207 Elizabeth G. Leary", "4011 FILLMORE AVENUE BROOKLYN, NY 11234"
"P.S. 207", "3030 GODWIN TERRACE BRONX, NY 10463"
"P.S. 208 Elsa Ebeling", "4801 AVENUE D BROOKLYN, NY 11203"
"P.S. 209 Margaret Mead", "2609 EAST 7 STREET BROOKLYN, NY 11235"
"P.S. 21 Margaret Emery-Elm Park", "168 HOOKER PLACE STATEN ISLAND, NY 10303"
"P.S. 213 New Lots", "580 HEGEMAN AVENUE BROOKLYN, NY 11207"
"P.S. 214", "1970 WEST FARMS ROAD BRONX, NY 10460"
"P.S. 215 Morris H. Weiss", "415 AVENUE S BROOKLYN, NY 11223"
"P.S. 216 Arturo Toscanini", "350 AVENUE X BROOKLYN, NY 11223"
"P.S. 217 Colonel David Marcus School", "1100 NEWKIRK AVENUE BROOKLYN, NY 11230"
"P.S. 219 Kennedy-King", "1060 CLARKSON AVENUE BROOKLYN, NY 11212"
"P.S. 223 Lyndon B. Johnson", "125-20 SUTPHIN BOULEVARD QUEENS, NY 11434"
"P.S. 230 Doris L. Cohen", "1 ALBEMARLE ROAD BROOKLYN, NY 11218"
"P.S. 232 Lindenwood", "153-23 83 STREET QUEENS, NY 11414"
"P.S. 234", "30-15 29 STREET QUEENS, NY 11102"
"P.S. 236 Mill Basin", "6302 AVENUE U BROOKLYN, NY 11234"
"P.S. 238 Anne Sullivan", "1633 EAST 8 STREET BROOKLYN, NY 11223"
"P.S. 242 Leonard P. Stavisky Early Childhood School", "29-66 137 STREET QUEENS, NY 11354"
"P.S. 244 Richard R. Green", "5404 TILDEN AVENUE BROOKLYN, NY 11203"
"P.S. 245", "249 EAST 17TH STREET BROOKLYN, NY 11226"
"P.S. 246 Poe Center", "2641 GRAND CONCOURSE BRONX, NY 10468"
"P.S. 249 The Caton", "18 MARLBOROUGH ROAD BROOKLYN, NY 11226"
"P.S. 250 George H. Lindsay", "108 MONTROSE AVENUE BROOKLYN, NY 11206"
"P.S. 253", "601 OCEANVIEW AVENUE BROOKLYN, NY 11235"
"P.S. 254 - The Rosa Parks School", "84-40 101 STREET QUEENS, NY 11418"
"P.S. 256 Benjamin Banneker", "114 KOSCIUSZKO STREET BROOKLYN, NY 11216"
"P.S. 264 BAY RIDGE ELEMENTARY SCHOOL FOR THE ARTS", "371 89th Street BROOKLYN, NY 11209"
"P.S. 272 Curtis Estabrook", "101-24 SEAVIEW AVENUE BROOKLYN, NY 11236"
"P.S. 277 Gerritsen Beach", "2529 GERRITSEN AVENUE BROOKLYN, NY 11229"
"P.S. 28 - The Thomas Emanuel Early Childhood Center", "109-10 47 AVENUE QUEENS, NY 11368"
"P.S. 288 The Shirley Tanyhill", "2950 WEST 25 STREET BROOKLYN, NY 11224"
"P.S. 290 Juan Morel Campos", "135 SCHENCK AVENUE BROOKLYN, NY 11207"
"P.S. 295", "330 18 STREET BROOKLYN, NY 11215"
"P.S. 297 Abraham Stockton", "700 PARK AVENUE BROOKLYN, NY 11206"
"P.S. 298 Dr. Betty Shabazz", "85 WATKINS STREET BROOKLYN, NY 11212"
"P.S. 3 Raul Julia Micro Society", "2100 LAFONTAINE AVENUE BRONX, NY 10457"
"P.S. 306 Ethan Allen", "970 VERMONT STREET BROOKLYN, NY 11207"
"P.S. 306", "40 WEST TREMONT AVENUE BRONX, NY 10453"
"P.S. 307 Daniel Hale Williams", "209 YORK STREET BROOKLYN, NY 11201"
"P.S. 308 Clara Cardwell", "616 QUINCY STREET BROOKLYN, NY 11221"
"P.S. 309 The George E. Wibecan Preparatory Academy", "794 MONROE STREET BROOKLYN, NY 11221"
"P.S. 312 Bergen Beach", "7103 AVENUE T BROOKLYN, NY 11234"
"P.S. 326", "1800 UTICA AVENUE BROOKLYN, NY 11234"
"P.S. 327 Dr. Rose B. English", "111 BRISTOL STREET BROOKLYN, NY 11212"
"P.S. 328 Phyllis Wheatley", "330 ALABAMA AVENUE BROOKLYN, NY 11207"
"P.S. 330", "110-08 NORTHERN BOULEVARD QUEENS, NY 11368"
"P.S. 335 Granville T. Woods", "130 ROCHESTER AVENUE BROOKLYN, NY 11213"
"P.S. 346 Abe Stark", "1400 PENNSYLVANIA AVENUE BROOKLYN, NY 11239"
"P.S. 361 East Flatbush Early Childhood School", "1957 NOSTRAND AVENUE BROOKLYN, NY 11210"
"P.S. 375 Jackie Robinson School", "46 MCKEEVER PLACE BROOKLYN, NY 11225"
"P.S. 376", "194 HARMAN STREET BROOKLYN, NY 11237"
"P.S. 377 Alejandrina B. De Gautier", "200 WOODBINE STREET BROOKLYN, NY 11221"
"P.S. 38 Roberto Clemente", "232 EAST 103 STREET MANHATTAN, NY 10029"
"P.S. 380 John Wayne Elementary", "370 MARCY AVENUE BROOKLYN, NY 11206"
"P.S. 39 Francis J. Murphy Jr.", "99 MACFARLAND AVENUE STATEN ISLAND, NY 10305"
"P.S. 398 Walter Weaver", "60 EAST 94 STREET BROOKLYN, NY 11212"
"P.S. 398", "69-01 34TH AVENUE QUEENS, NY 11377"
"P.S. 399 Stanley Eugene Clark", "2707 ALBEMARLE ROAD BROOKLYN, NY 11226"
"P.S. 58 - School of Heroes", "72-24 GRAND AVENUE QUEENS, NY 11378"
"P.S. 595", "700 EAST 179 STREET BRONX, NY 10457"
"P.S. 748 BROOKLYN SCHOOL FOR GLOBAL SCHOLARS", "1664 BENSON AVENUE BROOKLYN, NY 11214"
"P.S. 90 Edna Cohen School", "2840 WEST 12 STREET BROOKLYN, NY 11224"
"P.S. 971", "6214 4TH AVENUE BROOKLYN, NY 11220"
"P.S. K225 - The Eileen E. Zaglin", "1075 OCEAN VIEW AVENUE BROOKLYN, NY 11235"
"P.S. X014 Senator John Calandra", "3047 BRUCKNER BOULEVARD BRONX, NY 10461"
"P.S. X088 - S. Silverstein Little Sparrow School", "1340 SHERIDAN AVENUE BRONX, NY 10456"
"P.S. X114 - Luis Llorens Torres Schools", "1155 CROMWELL AVENUE BRONX, NY 10452"
"P.S. X140 The Eagle School", "916 EAGLE AVENUE BRONX, NY 10456"
"P.S. X811", "1434 LONGFELLOW AVENUE BRONX, NY 10459"
"P.S./ M.S.138 Sunrise", "251-11 WELLER AVENUE QUEENS, NY 11422"
"P.S./I.S. 104 The Fort Hamilton School", "9115 5 AVENUE BROOKLYN, NY 11209"
"P.S./I.S. 217 Roosevelt Island", "645 MAIN STREET MANHATTAN, NY 10044"
"P.S./I.S. 218 Rafael Hernandez Dual Language Magnet School", "1220 GERARD AVENUE BRONX, NY 10452"
"P.S./M.S. 004 Crotona Park West", "1717 FULTON AVENUE BRONX, NY 10457"
"PS 007 Louis F. Simeone Annex", "76-05 51 AVENUE QUEENS, NY 11373"
"PS 112 Lefferts Park Annex", "7301 15TH AVENUE BROOKLYN, NY 11228"
"PS 226 Annex", "1910 SEDGWICK AVENUE BRONX, NY 10453"
"PS 235 Janice Marie Knight School Annex", "10001 FLATLANDS AVENUE BROOKLYN, NY 11236"
"PS 354", "126-10 BEDELL STREET QUEENS, NY 11434"
"PS 5 Port Morris", "564 JACKSON AVENUE BRONX, NY 10455"
"PS 503: The School of Discovery", "330 59 STREET BROOKLYN, NY 11220"
"PS 78", "100 TOMPKINS AVENUE STATEN ISLAND, NY 10304"
"PS/MS 194", "2365 WATERBURY AVENUE BRONX, NY 10462"
"Paula Hedbavny School", "421 W 219TH ST MANHATTAN, NY 10034"
"Performing Arts and Technology High School", "400 PENNSYLVANIA AVENUE BROOKLYN, NY 11207"
"Port Richmond High School", "85 ST JOSEPHS AVENUE STATEN ISLAND, NY 10302"
"RED HOOK NEIGHBORHOOD SCHOOL", "27 HUNTINGTON STREET BROOKLYN, NY 11231"
"Ralph A. Fabrizio School", "619 72ND STREET BROOKLYN, NY 11209"
"Richmond Hill High School", "89-30 114 STREET QUEENS, NY 11418"
"River East Elementary", "2351 FIRST AVENUE MANHATTAN, NY 10035"
"Riverdale / Kingsbridge Academy (Middle School / High School 141)", "660 WEST 237 STREET BRONX, NY 10463"
"School for Excellence", "1110 BOSTON ROAD BRONX, NY 10456"
"School for International Studies", "284 BALTIC STREET BROOKLYN, NY 11201"
"School of the Future High School", "127 EAST 22 STREET MANHATTAN, NY 10010"
"South Bronx Preparatory: A College Board School", "360 EAST 145 STREET BRONX, NY 10454"
"Stephen T. Mather Building Arts Craf", "439 WEST 49TH STREET MANHATTAN, NY 10019"
"Stuyvesant High School", "345 CHAMBERS STREET MANHATTAN, NY 10282"
"Tag Young Scholars", "240 EAST 109 STREET MANHATTAN, NY 10029"
"Teachers College Community School", "168 MORNINGSIDE AVENUE MANHATTAN, NY 10027"
"The Active Learning Elementary School", "137-20 FRANKLIN AVENUE QUEENS, NY 11355"
"The Angelo Patri Middle School", "2225 WEBSTER AVENUE BRONX, NY 10457"
"The Bellaire School", "207-11 89 AVENUE QUEENS, NY 11427"
"The Christa McAuliffe School\I.S. 187", "1171 65 STREET BROOKLYN, NY 11219"
"The Highbridge Green School", "200 West 167th Street BRONX, NY 10452"
"The Hunts Point School", "730 BRYANT AVENUE BRONX, NY 10474"
"The Lexington Academy", "131 EAST 104 STREET MANHATTAN, NY 10029"
"The Longwood Academy of Discovery", "888 REV J A POLITE AVE BRONX, NY 10459"
"The Matilda Avenue School", "4520 MATILDA AVENUE BRONX, NY 10470"
"The Michael J. Petrides School", "715 OCEAN TERRACE STATEN ISLAND, NY 10301"
"The SEEALL Academy", "5601 16 AVENUE BROOKLYN, NY 11204"
"The STAR Academy - P.S.63", "121 EAST 3 STREET MANHATTAN, NY 10009"
"The School of Creativity and Innovation", "736 48TH STREET BROOKLYN, NY 11220"
"The Walton Avenue School", "1425 WALTON AVENUE BRONX, NY 10452"
"Thomas A. Edison Career and Technical Education High School", "165-65 84 AVENUE QUEENS, NY 11432"
"Thurgood Marshall Academy Lower School", "276 WEST 151ST STREET MANHATTAN, NY 10039"
"Thurgood Marshall Academy for Learning and Social", "200-214 WEST 135TH STREET MANHATTAN, NY 10030"
"Urban Academy Laboratory High School", "317 EAST 67 STREET MANHATTAN, NY 10065"
"Vista Academy", "350 LINWOOD STREET BROOKLYN, NY 11208"
"Wadleigh Secondary School for the Performing & Vis", "215 WEST 114 STREET MANHATTAN, NY 10026"
"William Cullen Bryant High School", "48-10 31 AVENUE QUEENS, NY 11103"
"William E. Grady Career and Technical Education High School", "25 BRIGHTON 4TH ROAD BROOKLYN, NY 11235"
"Williamsburg High School for Art and Technology", "223 GRAHAM AVENUE BROOKLYN, NY 11206"
"Young Voices Academy Of The Bronx", "800 LYDIG AVENUE BRONX, NY 10462"