school,address,latitude,longitude
47 The American Sign Language and English Secondary School,"223 E 23rd St, New York, NY 10010, USA",40.7387769,-73.9814014
ACORN Community High School,"561 Grand Ave, Brooklyn, NY 11238, USA",40.6785204,-73.9617427
Andries Hudde,"2500 Nostrand Ave, Brooklyn, NY 11210, USA",40.6239694,-73.9470955
Aspirations Diploma Plus High School,"402 Eastern Pkwy, Brooklyn, NY 11225, USA",40.6694696,-73.9552235
Automotive High School,"50 Bedford Ave, Brooklyn, NY 11222, USA",40.7220162,-73.9538965
Aviation Career & Technical Education High School,"45-30 36th St, Long Island City, NY 11101, USA",40.743581,-73.9292176
BATTERY PARK CITY SCHOOL,"55 Battery Pl, New York, NY 10280, USA",40.70656290000001,-74.0175278
Bayside High School,"32-24 Corporal Kennedy St, Bayside, NY 11361, USA",40.771482,-73.78080709999999
Benjamin N. Cardozo High School,"57-00 223rd St, Bayside, NY 11364, USA",40.7524027,-73.7571324
Brighter Choice Community School,"280 Hart St, Brooklyn, NY 11206, USA",40.69376099999999,-73.9407122
Bronx Alliance Middle School,"3750 Baychester Ave, The Bronx, NY 10466, USA",40.8843152,-73.8397468
Bronx Arena High School,"1440 Story Ave, The Bronx, NY 10473, USA",40.8210968,-73.88112679999999
Bronx High School for the Visual Arts,"2040 Antin Pl, The Bronx, NY 10462, USA",40.8517465,-73.8645056
Bronx Leadership Academy High School,"1710 Webster Ave, The Bronx, NY 10457, USA",40.8434287,-73.90310939999999
Bronx Regional High School,"1010 Rev James A Polite Ave, The Bronx, NY 10459, USA",40.82349,-73.8985308
Bronx Studio School for Writers and Artists,"928 Simpson St, The Bronx, NY 10459, USA",40.8203827,-73.8930381
Brooklyn Arbor Elementary School,"325 S 3rd St, Brooklyn, NY 11211, USA",40.7098922,-73.9547643
Brooklyn College Academy - Bridge to Brooklyn,"350 Coney Island Ave, Brooklyn, NY 11218, USA",40.6492022,-73.9718961
Brooklyn Landmark Elementary School,"251 MacDougal St, Brooklyn, NY 11233, USA",40.680537,-73.910772
Central Park East High School,"1573 Madison Ave, New York, NY 10029, USA",40.7936872,-73.9486109
Cobble Hill School of American Studies,"347 Baltic St, Brooklyn, NY 11201, USA",40.6848933,-73.99085869999999
College Point Collaborative,"124-06 14th Ave, Flushing, NY 11356, USA",40.7851012,-73.84352009999999
Collegiate Institute for Math and Science,"925 Astor Ave, The Bronx, NY 10469, USA",40.8602833,-73.8603759
Community Health Academy of the Heights,"504 W 158th St, New York, NY 10032, USA",40.8336419,-73.9422627
Community Voices Middle School,"145-00 Springfield Blvd, Springfield Gardens, NY 11413, USA",40.6649723,-73.7591145
Crotona International High School,"2474 Crotona Ave, The Bronx, NY 10458, USA",40.8554112,-73.8824863
Curtis High School,"105 Hamilton Ave, Staten Island, NY 10301, USA",40.645186,-74.0816561
EAST NEW YORK ELEMENTARY SCHOOL OF EXCELLENCE,"605 Shepherd Ave, Brooklyn, NY 11208, USA",40.6694182,-73.8792113
Eagle Academy for Young Men,"4143 3rd Ave, The Bronx, NY 10457, USA",40.845289,-73.8972161
East Flatbush Community Research School,"905 Winthrop St, Brooklyn, NY 11203, USA",40.6586846,-73.9286824
"Elementary School for Math, Science, and Technology","125 E 181st St, The Bronx, NY 10453, USA",40.8550502,-73.90323529999999
Evergreen M.S. for Urban Exploration,"125 Covert St, Brooklyn, NY 11207, USA",40.6889301,-73.91035459999999
Eximius College Preparatory Academy: A College Board School,"1363 Fulton Ave, The Bronx, NY 10456, USA",40.8339721,-73.9027472
Expeditionary Learning School for Community Leaders,"2630 Benson Ave, Brooklyn, NY 11214, USA",40.5937576,-73.9863546
Fairmont Neighborhood School,"1550 Vyse Ave, The Bronx, NY 10460, USA",40.8342454,-73.8870953
Fannie Lou Hamer Freedom High School,"1021 Jennings St, The Bronx, NY 10460, USA",40.8310478,-73.88560199999999
Fort Hamilton High School,"8301 Shore Rd, Brooklyn, NY 11209, USA",40.6272269,-74.03937599999999
Franklin Delano Roosevelt High School,"5800 20th Ave, Brooklyn, NY 11204, USA",40.6213242,-73.9825025
Frederick Douglass Academy,"2581 Adam Clayton Powell Jr Blvd, New York, NY 10001, USA",40.8243981,-73.936545
GRANT AVENUE ELEMENTARY SCHOOL,"250 E 164th St, The Bronx, NY 10456, USA",40.8280778,-73.91751959999999
Goldie Maple Academy,"3-65 Beach 56th St, Far Rockaway, NY 11692, USA",40.59398700000001,-73.786652
"Gregory Jocko Jackson School of Sports, Art and Technology (The)","213 Osborn St, Brooklyn, NY 11212, USA",40.6669333,-73.9075529
Harlem Renaissance High School,"22 E 128th St, New York, NY 10035, USA",40.80780439999999,-73.9399775
Harry S Truman High School,"750 Baychester Ave, The Bronx, NY 10475, USA",40.8742194,-73.83309349999999
High School for Environmental Studies,"444 W 56th St, New York, NY 10019, USA",40.7677451,-73.98809920000001
"High School for Law, Advocacy and Community Justice","122 Amsterdam Ave, New York, NY 10023, USA",40.7748463,-73.9856659
High School for Public Service: Heroes of Tomorrow,"600 Kingston Ave, Brooklyn, NY 11203, USA",40.6593652,-73.9431462
High School of World Cultures,"1300 Boynton Ave, The Bronx, NY 10472, USA",40.8321027,-73.87844580000001
Hillcrest High School,"160-05 Highland Ave, Jamaica, NY 11432, USA",40.7095227,-73.80247159999999
I.S. 024 Myra S. Barnes,"750 Durant Ave, Staten Island, NY 10306, USA",40.5456218,-74.1469546
I.S. 027 Anning S. Prall,"11 Clove Lake Pl, Staten Island, NY 10310, USA",40.6283442,-74.1177197
I.S. 059 Springfield Gardens,"132-55 Ridgedale St, St. Albans, NY 11413, USA",40.6813928,-73.7532099
I.S. 061 Leonardo Da Vinci,"98-50 50th Ave, Corona, NY 11368, USA",40.7419036,-73.862771
I.S. 068 Isaac Bildersee,"956 E 82nd St, Brooklyn, NY 11236, USA",40.6348776,-73.9107221
I.S. 072 Rocco Laurie,"33 Ferndale Ave, Staten Island, NY 10314, USA",40.5924704,-74.15853249999999
I.S. 093 Ridgewood,"66-56 Forest Ave, Ridgewood, NY 11385, USA",40.705751,-73.9029908
I.S. 117 Joseph H. Wade,"1865 Morris Ave, The Bronx, NY 10460, USA",40.8485793,-73.90874579999999
I.S. 125 Thom J. McCann Woodside,"46-02 47th Ave, Woodside, NY 11377, USA",40.7408445,-73.91867409999999
I.S. 136 Charles O. Dewey,"4004 4th Ave, Brooklyn, NY 11232, USA",40.6519928,-74.0072938
I.S. 141 The Steinway,"37-11 21st Ave, Long Island City, NY 11105, USA",40.7756029,-73.9045733
I.S. 171 Abraham Lincoln,"528 Ridgewood Ave, Brooklyn, NY 11208, USA",40.6858609,-73.8693804
I.S. 211 John Wilson,"1001 East 100th Street, Brooklyn, NY 11236, USA",40.6432708,-73.8958401
I.S. 219 New Venture School,"3630 3rd Ave, The Bronx, NY 10456, USA",40.8338446,-73.9039243
I.S. 228 David A. Boody,"228 Avenue S, Brooklyn, NY 11223, USA",40.6006781,-73.9770341
I.S. 229 Roland Patterson,"275 Harlem River Park Bridge, The Bronx, NY 10453, USA",40.8528519,-73.92103209999999
I.S. 237,"46-21 Colden St, Flushing, NY 11355, USA",40.749226,-73.82123109999999
I.S. 238 - Susan B. Anthony Academy,"88-15 182nd St, Queens, NY 11423, USA",40.712772,-73.7801733
I.S. 281 Joseph B Cavallaro,"8787 24th Ave, Brooklyn, NY 11214, USA",40.594251,-73.99392999999999
I.S. 285 Meyer Levin,"5909 Beverley Rd, Brooklyn, NY 11203, USA",40.6473935,-73.9206887
I.S. 30 Mary White Ovington,"7002 4th Ave, Brooklyn, NY 11209, USA",40.6335649,-74.0242775
I.S. 303 Herbert S. Eisenberg,"501 West Ave, Brooklyn, NY 11224, USA",40.58263640000001,-73.9720753
I.S. 318 Eugenio Maria De Hostos,"101 Walton St, Brooklyn, NY 11206, USA",40.7031073,-73.94833539999999
I.S. 340,"227 Sterling Pl, Brooklyn, NY 11238, USA",40.6762559,-73.9697873
I.S. 347 School of Humanities,"35 Starr St, Brooklyn, NY 11221, USA",40.7012793,-73.9276237
I.S. 49 Berta A. Dreyfus,"101 Warren St, Staten Island, NY 10304, USA",40.6206375,-74.0809565
I.S. 528 Bea Fuller Rodgers School,"180 Wadsworth Ave, New York, NY 10033, USA",40.8506712,-73.9346503
I.S. 98 Bay Academy,"1401 Emmons Ave, Brooklyn, NY 11235, USA",40.5838219,-73.9542591
I.S. R002 George L. Egbert,"333 Midland Ave, Staten Island, NY 10306, USA",40.5772352,-74.10041269999999
International HS at Lafayette,"2630 Benson Ave, Brooklyn, NY 11214, USA",40.5937576,-73.9863546
International School for Liberal Arts,"2780 Reservoir Ave, The Bronx, NY 10468, USA",40.8704171,-73.8969711
Irwin Altman Middle School 172,"81-14 257th St, Glen Oaks, NY 11004, USA",40.7417047,-73.7133066
J.H.S. 008 Richard S. Grossley,"108-35 167th St, Jamaica, NY 11433, USA",40.697147,-73.7864872
J.H.S. 050 John D. Wells,"183 S 3rd St, Brooklyn, NY 11211, USA",40.7117745,-73.9596149
J.H.S. 052 Inwood,"650 Academy St, New York, NY 10034, USA",40.8659143,-73.925157
J.H.S. 054 Booker T. Washington,"103 W 107th St, New York, NY 10025, USA",40.8004677,-73.96266229999999
J.H.S. 057 Whitelaw Reid,"125 Stuyvesant Ave, Brooklyn, NY 11221, USA",40.6916202,-73.9332768
J.H.S. 062 Ditmas,"700 Cortelyou Rd, Brooklyn, NY 11218, USA",40.6382359,-73.97151889999999
J.H.S. 078 Roy H. Mann,"1420 E 68 St, Brooklyn, NY 11234, USA",40.6208332,-73.9131104
J.H.S. 098 Herman Ridder,"1619 Boston Rd, The Bronx, NY 10460, USA",40.8363157,-73.8907414
J.H.S. 104 Simon Baruch,"330 E 21st St, New York, NY 10010, USA",40.7358068,-73.9805744
J.H.S. 123 James M. Kieran,"1025 Morrison Ave, The Bronx, NY 10472, USA",40.8249888,-73.87390479999999
J.H.S. 127 The Castle Hill,"1560 Purdy St, The Bronx, NY 10462, USA",40.8384278,-73.8529844
J.H.S. 131 Albert Einstein,"885 Bolton Ave, The Bronx, NY 10473, USA",40.8232367,-73.85985509999999
J.H.S. 143 Eleanor Roosevelt,"511 W 182nd St, New York, NY 10033, USA",40.8490987,-73.9311063
J.H.S. 144 Michelangelo,"2545 Gunther Ave, The Bronx, NY 10469, USA",40.864189,-73.8365765
J.H.S. 189 Daniel Carter Beard,"144-80 Barclay Ave, Flushing, NY 11355, USA",40.7603435,-73.81790869999999
J.H.S. 201 The Dyker Heights,"8010 12th Ave, Brooklyn, NY 11228, USA",40.6186835,-74.0131655
J.H.S. 202 Robert H. Goddard,"138-30 Lafayette St, Ozone Park, NY 11417, USA",40.671035,-73.8456739
J.H.S. 210 Elizabeth Blackwell,"93-11 101st Ave, Jamaica, NY 11416, USA",40.684802,-73.8475694
J.H.S. 218 James P. Sinnott,"370 Fountain Ave, Brooklyn, NY 11208, USA",40.6698815,-73.87434189999999
J.H.S. 220 John J. Pershing,"4812 9th Ave, Brooklyn, NY 11220, USA",40.6407804,-74.0009541
J.H.S. 227 Edward B. Shallow,"6500 16th Ave, Brooklyn, NY 11204, USA",40.6218446,-73.9955288
J.H.S. 234 Arthur W. Cunningham,"1875 E 17th St, Brooklyn, NY 11229, USA",40.6045068,-73.9552235
J.H.S. 259 William Mckinley,"7305 Fort Hamilton Pkwy, Brooklyn, NY 11228, USA",40.6264814,-74.0149914
J.H.S. 278 Marine Park,"1925 Stuart St, Brooklyn, NY 11229, USA",40.6066501,-73.938462
J.H.S. 291 Roland Hayes,"231 Palmetto St, Brooklyn, NY 11221, USA",40.6957854,-73.915361
J.H.S. 292 Margaret S. Douglas,"301 Vermont St, Brooklyn, NY 11207, USA",40.6716865,-73.89333669999999
James Madison High School,"3787 Bedford Ave, Brooklyn, NY 11229, USA",40.6099056,-73.9482591
James Weldon Johnson,"176 E 115th St, New York, NY 10029, USA",40.7972688,-73.9412633
John Dewey High School,"50 Avenue X, Brooklyn, NY 11223, USA",40.5877456,-73.9813501
Jonas Bronck Academy,"400 E Fordham Rd, The Bronx, NY 10458, USA",40.8609222,-73.89195579999999
Life Sciences Secondary School,"320 E 96th St, New York, NY 10128, USA",40.7832167,-73.9460393
Locke School of Arts and Engineering (The),"20 W 112th St, New York, NY 10026, USA",40.7984949,-73.9498493
M.S. 061 Dr. Gladstone H. Atwell,"400 Empire Blvd, Brooklyn, NY 11225, USA",40.6637691,-73.948565
M.S. 113 Ronald Edmonds Learning Center,"300 Adelphi St, Brooklyn, NY 11205, USA",40.6885037,-73.9713999
M.S. 131,"100 Hester St, New York, NY 10002, USA",40.7161943,-73.9933849
M.S. 137 America's School of Heroes,"109-15 98th St, Jamaica, NY 11417, USA",40.6780703,-73.8396521
M.S. 158 Marie Curie,"46-35 Oceania St, Bayside, NY 11361, USA",40.7562328,-73.7723312
M.S. 180 Dr. Daniel Hale Williams,"700 Baychester Ave, The Bronx, NY 10475, USA",40.8732041,-73.8321785
M.S. 260 Clinton School Writers & Artists,"10 E 15th St, New York, NY 10003, USA",40.7361099,-73.9922772
M.S. 301 Paul L. Dunbar,"890 Cauldwell Ave, The Bronx, NY 10456, USA",40.8225181,-73.90673160000001
M.S. 302 Luisa Dessus Cruz,"681 Kelly St, The Bronx, NY 10455, USA",40.81591179999999,-73.9016736
M.S.129 Academy for Independent Learning and Leadership,"2055 Mapes Ave, The Bronx, NY 10460, USA",40.8458529,-73.8864943
MANHATTAN ACADEMY FOR ARTS & LANGUAGE,"111 E 33rd St, New York, NY 10016, USA",40.746441,-73.98121119999999
"Magnet School of Math, Science and Design Technology","511 7th Ave, Brooklyn, NY 11215, USA",40.66092260000001,-73.9862168
Martin Van Buren High School,"230-17 Hillside Avenue, Queens Village, NY 11427, USA",40.7336309,-73.7391435
Middle College High School,"1186 Carroll St, Brooklyn, NY 11225, USA",40.667,-73.95101360000001
Middle School 322,"4600 Broadway, New York, NY 10040, USA",40.8608456,-73.93014939999999
Middle School for Art and Philosophy,"1084 Lenox Rd, Brooklyn, NY 11212, USA",40.6579834,-73.92013759999999
Mott Hall Bronx High School,"1595 Bathgate Ave, The Bronx, NY 10457, USA",40.8394008,-73.9019661
Mott Hall High School,"6 Edgecombe Ave, New York, NY 10030, USA",40.8174596,-73.94714139999999
New Design High School,"350 Grand St, New York, NY 10002, USA",40.7173452,-73.9892929
New Dorp High School,"465 New Dorp Ln, Staten Island, NY 10306, USA",40.5695781,-74.1073767
"New Explorations into Science, Technology and Math High School","111 Columbia St, New York, NY 10002, USA",40.7195002,-73.9792392
New Millenium Business Acad. MS,"1000 Teller Ave, The Bronx, NY 10456, USA",40.8279,-73.9141928
Origins High School,"3000 Avenue X, Brooklyn, NY 11235, USA",40.59314,-73.936638
P.S. /I.S. 384 Frances E. Carter,"242 Cooper St, Brooklyn, NY 11207, USA",40.6897153,-73.9050266
P.S. 001 Alfred E. Smith,"8 Henry St, New York, NY 10038, USA",40.7125894,-73.9976565
P.S. 001 The Bergen,"309 47th St, Brooklyn, NY 11220, USA",40.6486563,-74.0112375
P.S. 002 Alfred Zimberg,"75-10 21st Ave, Flushing, NY 11370, USA",40.7700942,-73.89425829999999
P.S. 002 Meyer London,"122 Henry St, New York, NY 10002, USA",40.713057,-73.9916866
P.S. 004 Duke Ellington,"500 W 160th St, New York, NY 10032, USA",40.8348474,-73.9412036
P.S. 004 Maurice Wollin,"200 Nedra Ln, Staten Island, NY 10312, USA",40.5523733,-74.19551609999999
P.S. 005 Dr. Ronald Mcnair,"820 Hancock St, Brooklyn, NY 11233, USA",40.6854939,-73.9223832
P.S. 005 Ellen Lurie,"3703 10th Ave, New York, NY 10040, USA",40.8589195,-73.9224277
P.S. 007 Abraham Lincoln,"858 Jamaica Ave, Brooklyn, NY 11208, USA",40.6894254,-73.87314789999999
P.S. 008 Issac Varian,"3010 Briggs Ave, The Bronx, NY 10458, USA",40.8725473,-73.88336
P.S. 008 Luis Belliard,"465 W 167th St, New York, NY 10032, USA",40.839388,-73.9369588
P.S. 009 Sarah Anderson,"100 W 84th St, New York, NY 10024, USA",40.7850907,-73.973866
P.S. 011 Highbridge,"1257 Ogden Ave, The Bronx, NY 10452, USA",40.8397377,-73.9257866
P.S. 011 William T. Harris,"320 W 21st St, New York, NY 10011, USA",40.744296,-74.0006788
P.S. 012 James B. Colgate,"42-00 72nd St, Woodside, NY 11377, USA",40.7423418,-73.89294129999999
P.S. 013 Clement C. Moore,"55-01 94th St, Flushing, NY 11373, USA",40.7373286,-73.86789999999999
P.S. 013 Roberto Clemente,"557 Granville Payne Ave, Brooklyn, NY 11207, USA",40.6637837,-73.89325869999999
P.S. 014 Fairview,"107-01 Otis Ave, Flushing, NY 11368, USA",40.74091749999999,-73.8543016
P.S. 015 Patrick F. Daly,"71 Sullivan St, Brooklyn, NY 11231, USA",40.6773479,-74.0118236
P.S. 016 John J. Driscoll,"195 Daniel Low Terrace, Staten Island, NY 10301, USA",40.6394408,-74.0797679
P.S. 017 Henry D. Woodworth,"208 N 5th St, Brooklyn, NY 11211, USA",40.715217,-73.9569941
P.S. 018 Edward Bush,"101 Maujer St, Brooklyn, NY 11211, USA",40.7108288,-73.9469101
P.S. 018 John G. Whittier,"221 Broadway, Staten Island, NY 10310, USA",40.6367163,-74.11711400000002
P.S. 018 John Peter Zenger,"502 Morris Ave, The Bronx, NY 10451, USA",40.8162658,-73.9225258
P.S. 019 Asher Levy,"185 1st Avenue, New York, NY 10003, USA",40.7298349,-73.9842426
P.S. 020 Port Richmond,"161 Park Ave, Staten Island, NY 10302, USA",40.6366649,-74.1325289
P.S. 021 Crispus Attucks,"180 Chauncey St, Brooklyn, NY 11233, USA",40.6805192,-73.92615409999999
P.S. 021 Edward Hart,"147-36 26th Ave, Flushing, NY 11354, USA",40.7741682,-73.8185428
P.S. 021 Philip H. Sheridan,"715 E 225th St, The Bronx, NY 10466, USA",40.887871,-73.8594571
P.S. 022 Graniteville Extension,"1860 Forest Ave, Staten Island, NY 10303, USA",40.6249594,-74.1506485
P.S. 026 The Carteret School,"4108 Victory Blvd, Staten Island, NY 10314, USA",40.5915602,-74.1902344
P.S. 028 Mount Hope,"1861 Anthony Ave, The Bronx, NY 10457, USA",40.8483324,-73.9036117
P.S. 028 Wright Brothers,"475 W 155th St, New York, NY 10032, USA",40.8319203,-73.94231959999999
P.S. 030 Westerleigh,"200 Wardwell Ave, Staten Island, NY 10314, USA",40.6178885,-74.1331441
P.S. 031 Samuel F. Dupont,"75 Meserole Ave, Brooklyn, NY 11222, USA",40.7268745,-73.95412449999999
P.S. 031 William T. Davis,"55 Layton Ave, Staten Island, NY 10301, USA",40.6419692,-74.0851783
P.S. 032 Belmont,"690 E 183rd St, The Bronx, NY 10458, USA",40.8518895,-73.88596410000001
P.S. 033 Timothy Dwight,"2424 Jerome Ave, The Bronx, NY 10468, USA",40.86167469999999,-73.90163299999999
P.S. 036 Margaret Douglas,"123 Morningside Dr, New York, NY 10027, USA",40.810705,-73.957404
P.S. 036 Unionport,"1070 Castle Hill Ave, The Bronx, NY 10472, USA",40.8294156,-73.8503793
P.S. 038 The Pacific,"450 Pacific St, Brooklyn, NY 11217, USA",40.6850381,-73.9829164
P.S. 041 Francis White,"411 Thatford Ave, Brooklyn, NY 11212, USA",40.660182,-73.9068734
P.S. 041 Greenwich Village,"116 W 11th St, New York, NY 10011, USA",40.7355874,-73.9992096
P.S. 041 Gun Hill Road,"3352 Olinville Ave, The Bronx, NY 10467, USA",40.8746073,-73.86791029999999
P.S. 042 Benjamin Altman,"71 Hester St, New York, NY 10002, USA",40.7161122,-73.9909457
P.S. 042 Claremont,"1537 Washington Ave, The Bronx, NY 10457, USA",40.8385594,-73.9030255
P.S. 044 Marcus Garvey,"432 Monroe St, Brooklyn, NY 11221, USA",40.68628830000001,-73.940896
P.S. 044 Thomas C. Brown,"80 Maple Pkwy, Staten Island, NY 10303, USA",40.6317517,-74.1569801
P.S. 046 Alley Pond,"64-45 218th St, Flushing, NY 11364, USA",40.7453332,-73.75786719999999
P.S. 046 Arthur Tappan,"2987 Frederick Douglass Blvd, New York, NY 10039, USA",40.8316474,-73.93607399999999
P.S. 046 Edgar Allan Poe,"279 E 196th St, The Bronx, NY 10458, USA",40.8669496,-73.8906272
P.S. 047 John Randolph,"1794 E 172nd St, The Bronx, NY 10472, USA",40.8325729,-73.8669915
P.S. 048 Mapleton,"6015 18th Ave, Brooklyn, NY 11204, USA",40.6214814,-73.9873187
P.S. 048 William Wordsworth,"108-29 155th St, Jamaica, NY 11433, USA",40.693624,-73.79609239999999
P.S. 049 Dorothy Bonawit Kole,"63-60 80th St, Middle Village, NY 11379, USA",40.7195174,-73.8750343
P.S. 052 John C. Thompson,"450 Buel Ave, Staten Island, NY 10305, USA",40.582345,-74.0882987
P.S. 052 Sheepshead Bay,"2675 E 29th St, Brooklyn, NY 11235, USA",40.5874041,-73.9402515
P.S. 053 Basheer Quisim,"360 E 168th St, The Bronx, NY 10456, USA",40.8327824,-73.91187029999999
P.S. 053 Bay Terrace,"330 Durant Ave, Staten Island, NY 10308, USA",40.55212849999999,-74.137382
P.S. 054 Charles W. Leng,"1060 Willowbrook Rd, Staten Island, NY 10314, USA",40.6027868,-74.1378509
P.S. 055 Henry M. Boehm,"54 Osborne St, Staten Island, NY 10312, USA",40.5364146,-74.1635459
P.S. 056 Norwood Heights,"341 E 207th St, The Bronx, NY 10467, USA",40.875481,-73.874889
P.S. 057 Crescent,"2111 Crotona Ave, The Bronx, NY 10457, USA",40.84868900000001,-73.8889039
P.S. 057 Hubert H. Humphrey,"140 Palma Dr, Staten Island, NY 10304, USA",40.611093,-74.0835263
P.S. 058,"459 E 176th St, The Bronx, NY 10457, USA",40.8461805,-73.8988335
P.S. 059 The Community School of Technology,"2185 Bathgate Ave, The Bronx, NY 10457, USA",40.853105,-73.8935685
P.S. 060 Alice Austen,"55 Merrill Ave, Staten Island, NY 10314, USA",40.6104171,-74.1624387
P.S. 060 Woodhaven,"91-02 88th Ave, Jamaica, NY 11421, USA",40.691436,-73.85279
P.S. 062 Chester Park,"97-25 108th St, South Richmond Hill, NY 11419, USA",40.6888061,-73.8359335
P.S. 062 Inocensio Casanova,"660 Fox St, The Bronx, NY 10455, USA",40.8138781,-73.9003875
P.S. 063 Author's Academy,"1260 Franklin Ave, The Bronx, NY 10456, USA",40.8308954,-73.9023857
P.S. 064 Robert Simon,"600 E 6th St, New York, NY 10009, USA",40.7238456,-73.9817633
P.S. 066 School of Higher Expectations,"1001 Jennings St, The Bronx, NY 10460, USA",40.8312555,-73.8866072
P.S. 067 Charles A. Dorsey,"51 St Edwards St, Brooklyn, NY 11205, USA",40.6950519,-73.977811
P.S. 067 Mohegan School,"2024 Mohegan Ave, The Bronx, NY 10460, USA",40.8437949,-73.88451529999999
P.S. 069 Daniel D. Tompkins,"144 Keating Pl, Staten Island, NY 10314, USA",40.5914223,-74.15730119999999
P.S. 069 Jackson Heights,"77-02 37th Ave, Jackson Heights, NY 11372, USA",40.7486886,-73.88867429999999
P.S. 070 Max Schoenfeld,"1691 Weeks Ave, The Bronx, NY 10457, USA",40.844366,-73.9078731
P.S. 071 Rose E. Scala,"3040 Roberts Ave, The Bronx, NY 10461, USA",40.8455954,-73.8296383
P.S. 072 Dr. William Dorney,"2951 Dewey Ave, The Bronx, NY 10465, USA",40.8230948,-73.8183344
P.S. 075 Mayda Cortiella,"95 Grove St, Brooklyn, NY 11221, USA",40.6933407,-73.9215154
P.S. 076 A. Philip Randolph,"220 W 121st St, New York, NY 10027, USA",40.8065013,-73.9511366
P.S. 076 The Bennington School,"900 Adee Ave, The Bronx, NY 10469, USA",40.8691678,-73.861111
P.S. 078 Anne Hutchinson,"1400 Needham Ave, The Bronx, NY 10469, USA",40.8784734,-73.8508198
P.S. 081 Thaddeus Stevens,"990 Dekalb Ave, Brooklyn, NY 11221, USA",40.6930667,-73.9347451
P.S. 083 Donald Hertz,"1840 Bogart Ave, The Bronx, NY 10462, USA",40.8486206,-73.85853829999999
P.S. 083 Luis Munoz Rivera,"219 E 109th St, New York, NY 10029, USA",40.7931298,-73.9418125
P.S. 084 Jose De Diego,"250 Berry St, Brooklyn, NY 11249, USA",40.7148137,-73.9633052
P.S. 085 Judge Charles Vallone,"23-70 31st St, Astoria, NY 11105, USA",40.7730089,-73.9148429
P.S. 086 Kingsbridge Heights,"2756 Reservoir Ave, The Bronx, NY 10468, USA",40.8698472,-73.8982631
P.S. 086 The Irvington,"220 Irving Ave, Brooklyn, NY 11237, USA",40.7007483,-73.91766009999999
P.S. 089 Bronx,"980 Mace Ave, The Bronx, NY 10469, USA",40.8626481,-73.8594112
P.S. 091 Bronx,"2170 Aqueduct Ave, The Bronx, NY 10453, USA",40.8576848,-73.907696
P.S. 091 The Albany Avenue School,"532 Albany Ave, Brooklyn, NY 11203, USA",40.661782,-73.9402559
P.S. 092 Adrian Hegeman,"601 Parkside Ave, Brooklyn, NY 11226, USA",40.6562478,-73.9535703
P.S. 093 Albert G. Oliver,"1535 Story Ave, The Bronx, NY 10473, USA",40.822513,-73.87725499999999
P.S. 094 The Henry Longfellow,"5010 6th Ave, Brooklyn, NY 11220, USA",40.64365189999999,-74.00866669999999
P.S. 095 Sheila Mencher,"3961 Hillman Ave, The Bronx, NY 10463, USA",40.8830979,-73.8914763
P.S. 095 The Gravesend,"345 Van Sicklen St, Brooklyn, NY 11223, USA",40.5960982,-73.9747677
P.S. 096 Joseph Lanzetta,"216 E 120th St, New York, NY 10035, USA",40.8000808,-73.9373659
P.S. 097 Bronx,"1375 Mace Ave, The Bronx, NY 10469, USA",40.8630715,-73.84694689999999
P.S. 097 Forest Park,"85-52 85th St, Jamaica, NY 11421, USA",40.694215,-73.860039
P.S. 098 Shorac Kappock,"512 W 212th St, New York, NY 10034, USA",40.8678429,-73.9176573
P.S. 099 Isaac Asimov,"1120 E 10th St, Brooklyn, NY 11230, USA",40.6215239,-73.9658847
P.S. 100 Glen Morris,"11111 118th St, South Ozone Park, NY 11420, USA",40.6797868,-73.8217216
P.S. 100 Isaac Clason,"800 Taylor Ave, The Bronx, NY 10473, USA",40.82189169999999,-73.8626271
P.S. 100 The Coney Island School,"2951 W 3rd St, Brooklyn, NY 11224, USA",40.5775446,-73.9708356
P.S. 101 The Verrazano,"2360 Benson Ave, Brooklyn, NY 11214, USA",40.5975833,-73.99204759999999
P.S. 102 The Bayview,"211 72nd St, Brooklyn, NY 11209, USA",40.634563,-74.0290168
P.S. 103 Hector Fontanez,"4125 Carpenter Ave, The Bronx, NY 10466, USA",40.8923187,-73.8618979
P.S. 104 The Bays Water,"26-1 Mott Ave, Far Rockaway, NY 11691, USA",40.6081998,-73.7648988
P.S. 105 Sen Abraham Bernstein,"725 Brady Ave, The Bronx, NY 10462, USA",40.8527674,-73.8664014
P.S. 105 The Blythebourne,"1031 59th St, Brooklyn, NY 11219, USA",40.6331135,-74.0036168
P.S. 106 Edward Everett Hale,"1328 Putnam Ave, Brooklyn, NY 11221, USA",40.69370809999999,-73.9125749
P.S. 107 Thomas A Dooley,"167-02 45th Ave, Flushing, NY 11358, USA",40.7555258,-73.79924419999999
P.S. 107,"1695 Seward Ave, The Bronx, NY 10473, USA",40.8187805,-73.8684748
P.S. 108 Assemblyman Angelo Del Toro Educational Complex,"1615 Madison Ave, New York, NY 10029, USA",40.7951252,-73.9478762
P.S. 108 Sal Abbracciamento,"200 Linwood St, Brooklyn, NY 11208, USA",40.6812345,-73.8843103
P.S. 109 Sedgwick,"1771 Popham Ave, The Bronx, NY 10453, USA",40.8517883,-73.91862069999999
P.S. 11 Thomas Dongan School,"51 Jefferson St, Staten Island, NY 10304, USA",40.5903818,-74.0978726
P.S. 110 Theodore Schoenfeld,"580 Crotona Park S, The Bronx, NY 10456, USA",40.8350416,-73.9004334
P.S. 111 Adolph S. Ochs,"440 W 53rd St, New York, NY 10019, USA",40.7660107,-73.9897148
P.S. 111 Jacob Blackwell,"37-15 13th St, Long Island City, NY 11101, USA",40.7586787,-73.9392002
P.S. 111 Seton Falls,"3740 Baychester Ave, The Bronx, NY 10466, USA",40.8843152,-73.8397468
P.S. 112 Bronxwood,"1925 Schieffelin Ave, The Bronx, NY 10466, USA",40.8847649,-73.8439899
P.S. 112 Jose Celso Barbosa,"535 E 119th St, New York, NY 10035, USA",40.7964942,-73.9300386
P.S. 115 Alexander Humboldt,"586 W 177th St, New York, NY 10033, USA",40.8462428,-73.93502219999999
P.S. 115 Daniel Mucatel School,"1500 E 92nd St, Brooklyn, NY 11236, USA",40.6349577,-73.897999
P.S. 117 J. Keld / Briarwood School,"85-15 143rd St, Briarwood, NY 11435, USA",40.7102309,-73.81305689999999
P.S. 119 Amersfort,"3829 Avenue K, Brooklyn, NY 11210, USA",40.6260567,-73.9388469
P.S. 119,"1075 Pugsley Ave, The Bronx, NY 10472, USA",40.82856650000001,-73.85686849999999
P.S. 120 Carlos Tapia,"18 Beaver St, Brooklyn, NY 11206, USA",40.7007468,-73.9376826
P.S. 120 Queens,"58-01 136th St, Flushing, NY 11355, USA",40.7454054,-73.82871
P.S. 122 Mamie Fay,"21-21 Ditmars Blvd, Queens, NY 11105, USA",40.7802869,-73.9160468
P.S. 123 Mahalia Jackson,"301 W 140th St, New York, NY 10030, USA",40.8203373,-73.9443402
P.S. 123 Suydam,"100 Irving Ave, Brooklyn, NY 11237, USA",40.7039048,-73.9225744
P.S. 124 Silas B. Dutcher,"515 4th Ave, Brooklyn, NY 11215, USA",40.66748750000001,-73.9906623
P.S. 126 Dr Marjorie H Dunbar,"175 W 166th St, The Bronx, NY 10452, USA",40.8360666,-73.9283851
P.S. 126 Jacob August Riis,"80 Catherine St, New York, NY 10038, USA",40.7105672,-73.9970098
P.S. 127 Mckinley Park,"7805 7th Ave, Brooklyn, NY 11228, USA",40.6237903,-74.018579
P.S. 128 Bensonhurst,"2075 84th St, Brooklyn, NY 11214, USA",40.604933,-73.99503179999999
P.S. 130 Hernando De Soto,"P.S. 130 Hernando De Soto, 143 Baxter St, New York, NY 10013, USA",40.7188532,-73.9982914
P.S. 130 The Parkside,"70 Ocean Pkwy, Brooklyn, NY 11218, USA",40.648959,-73.97584789999999
P.S. 131 Brooklyn,"4305 Fort Hamilton Pkwy, Brooklyn, NY 11219, USA",40.640783,-73.9933331
P.S. 133 Fred R Moore,"2121 5th Ave, New York, NY 10037, USA",40.8098605,-73.9392692
P.S. 134 George F. Bristow,"1330 Bristow St, The Bronx, NY 10459, USA",40.831595,-73.894227
P.S. 134 Hollis,"203-2 109th Ave, St. Albans, NY 11412, USA",40.7078275,-73.7548656
P.S. 135 Sheldon A. Brookner,"5811 Ditmas Ave, Brooklyn, NY 11203, USA",40.6441546,-73.9215613
P.S. 135 Sheldon A. Brookner,"684 Linden Blvd, Brooklyn, NY 11203, USA",40.6531986,-73.9329511
P.S. 138 Brooklyn,"760 Prospect Pl, Brooklyn, NY 11216, USA",40.6737453,-73.9513202
P.S. 139 Alexine A. Fenty,"330 Rugby Rd, Brooklyn, NY 11226, USA",40.6413592,-73.9657847
P.S. 142 Amalia Castro,"100 Attorney St, New York, NY 10002, USA",40.7182566,-73.98401299999999
P.S. 147 Isaac Remsen,"325 Bushwick Ave, Brooklyn, NY 11206, USA",40.7050566,-73.9386916
P.S. 148 Queens,"89-02 32nd Ave, Flushing, NY 11369, USA",40.7576279,-73.878619
P.S. 149 Christa Mcauliffe,"93-11 34th Ave, Jackson Heights, NY 11372, USA",40.7552247,-73.87420399999999
P.S. 149 Sojourner Truth,"41 W 117th St, New York, NY 10026, USA",40.8026661,-73.9482563
P.S. 150 Charles James Fox,"920 E 167th St, The Bronx, NY 10459, USA",40.8261982,-73.89427289999999
P.S. 150 Christopher,"364 Sackman St, Brooklyn, NY 11212, USA",40.6686983,-73.9050266
P.S. 150 Queens,"40-01 43rd Ave, Sunnyside, NY 11104, USA",40.7457471,-73.92332019999999
P.S. 151 Lyndon B. Johnson,"763 Knickerbocker Ave, Brooklyn, NY 11207, USA",40.6933707,-73.9082333
P.S. 152 Dyckman Valley,"93 Nagle Ave, New York, NY 10040, USA",40.8601407,-73.92757780000001
P.S. 154 Harriet Tubman,"250 W 127th St, New York, NY 10027, USA",40.8106338,-73.9487487
P.S. 157 Benjamin Franklin,"850 Kent Ave, Brooklyn, NY 11205, USA",40.6953729,-73.95995309999999
P.S. 158 Warwick,"400 Ashford St, Brooklyn, NY 11207, USA",40.6725442,-73.8851372
P.S. 159 Isaac Pitkin,"2781 Pitkin Ave, Brooklyn, NY 11208, USA",40.67598479999999,-73.86964379999999
P.S. 160 Walt Disney,"4140 Hutchinson River Pkwy E, The Bronx, NY 10475, USA",40.8643078,-73.82398640000001
P.S. 160,"1057 52nd St, Brooklyn, NY 11219, USA",40.63659850000001,-73.99899409999999
P.S. 161 Pedro Albizu Campos,"499 W 133rd St, New York, NY 10027, USA",40.81775520000001,-73.9524683
P.S. 161 The Crown,"330 Crown St, Brooklyn, NY 11225, USA",40.6659347,-73.949485
P.S. 163 Alfred E. Smith,"163 W 97th St, New York, NY 10025, USA",40.7948887,-73.9684479
P.S. 163 Arthur A. Schomburg,"2075 Webster Ave, The Bronx, NY 10457, USA",40.8518013,-73.8988258
P.S. 164 Caesar Rodney,"4211 14th Ave, Brooklyn, NY 11219, USA",40.6371629,-73.9858036
P.S. 165 Edith K. Bergtraum,"70-35 150th St, Flushing, NY 11367, USA",40.7296723,-73.8176653
P.S. 166 Henry Gradstein,"33-09 35th Ave, Astoria, NY 11106, USA",40.75738610000001,-73.9261081
P.S. 169 Bay Terrace,"18-25 212th St, Flushing, NY 11360, USA",40.7823459,-73.77844
P.S. 169 Sunset Park,"4305 7th Ave, Brooklyn, NY 11232, USA",40.6459698,-74.0018264
P.S. 170,"1598 Townsend Ave, The Bronx, NY 10452, USA",40.8445236,-73.9132748
P.S. 172 Beacon School of Excellence,"825 4th Ave, Brooklyn, NY 11232, USA",40.6575977,-74.0000943
P.S. 173 Fresh Meadows,"174-10 67th Ave, Fresh Meadows, NY 11365, USA",40.7341231,-73.79535709999999
P.S. 175 City Island,"200 City Island Ave, The Bronx, NY 10464, USA",40.8437411,-73.7848326
P.S. 175 The Lynn Gross Discovery School,"64-35 102nd St, Rego Park, NY 11374, USA",40.7308519,-73.852491
P.S. 176 Cambria Heights,"120-45 235th St, Cambria Heights, NY 11411, USA",40.6848405,-73.7297194
P.S. 176 Ovington,"1225 Bay Ridge Ave, Brooklyn, NY 11219, USA",40.6247799,-74.0051318
P.S. 177 The Marlboro,"346 Avenue P, Brooklyn, NY 11204, USA",40.6084307,-73.9744123
P.S. 178 - Dr. Selman Waksman,"850 Baychester Ave, The Bronx, NY 10475, USA",40.8751476,-73.8329925
P.S. 178 Saint Clair Mckelway,"2163 Dean St, Brooklyn, NY 11233, USA",40.6752336,-73.915361
P.S. 179 Kensington,"202 Avenue C, Brooklyn, NY 11218, USA",40.6402049,-73.9772637
P.S. 183 Dr. Richard R. Green,"2-45 Beach 79th St, Far Rockaway, NY 11693, USA",40.58891759999999,-73.8058736
P.S. 184 Newport,"273 Newport St, Brooklyn, NY 11212, USA",40.6601967,-73.9050266
P.S. 184m Shuang Wen,"327 Cherry St, New York, NY 10002, USA",40.7113459,-73.9856822
P.S. 185 Walter Kassenbrock,"8601 Ridge Blvd, Brooklyn, NY 11209, USA",40.6235788,-74.0335467
P.S. 186 Dr. Irving A Gladstone,"7601 19th Ave, Brooklyn, NY 11214, USA",40.6112005,-73.9944809
P.S. 189 Lincoln Terrace,"1100 E New York Ave, Brooklyn, NY 11212, USA",40.6654264,-73.92567100000001
P.S. 189,"2580 Amsterdam Ave, New York, NY 10040, USA",40.8531056,-73.9279452
P.S. 191 Paul Robeson,"1600 Park Pl, Brooklyn, NY 11233, USA",40.67184109999999,-73.92412689999999
P.S. 192 Jacob H. Schiff,"500 W 138th St, New York, NY 10031, USA",40.8210016,-73.9533407
P.S. 193 Gil Hodges,"2515 Avenue L, Brooklyn, NY 11210, USA",40.6218095,-73.9504018
P.S. 194 Countee Cullen,"244 W 144th St, New York, NY 10030, USA",40.8212338,-73.9406204
P.S. 194 Raoul Wallenberg,"3117 Avenue W, Brooklyn, NY 11229, USA",40.5973303,-73.9338696
P.S. 196 Ten Eyck,"207 Bushwick Ave, Brooklyn, NY 11206, USA",40.708637,-73.9394264
P.S. 197 John B. Russwurm,"2230 5th Ave, New York, NY 10037, USA",40.8133503,-73.9377732
P.S. 198 Brooklyn,"4105 Farragut Rd, Brooklyn, NY 11203, USA",40.6374913,-73.93694649999999
P.S. 199X - The Shakespeare School,"1449 Shakespeare Ave, The Bronx, NY 10452, USA",40.8436596,-73.92059680000001
P.S. 200 Benson School,"1940 Benson Ave, Brooklyn, NY 11214, USA",40.6030132,-74.0019641
P.S. 202 Ernest S. Jenkyns,"982 Hegeman Ave, Brooklyn, NY 11208, USA",40.6661578,-73.8761335
P.S. 203 The School for Future Leaders,"5101 Avenue M, Brooklyn, NY 11234, USA",40.6219237,-73.9259244
P.S. 204 Vince Lombardi,"8101 15th Ave, Brooklyn, NY 11228, USA",40.613556,-74.00646309999999
P.S. 206 Joseph F Lamb,"2200 Gravesend Neck Rd, Brooklyn, NY 11229, USA",40.5972728,-73.9484272
P.S. 207 Elizabeth G. Leary,"3874 Flatlands Ave, Brooklyn, NY 11234, USA",40.6202297,-73.9363036
P.S. 207 Elizabeth G. Leary,"4011 Fillmore Ave, Brooklyn, NY 11234, USA",40.6137068,-73.9301496
P.S. 207,"3030 Godwin Terrace, The Bronx, NY 10463, USA",40.8781939,-73.9063216
P.S. 208 Elsa Ebeling,"4801 Avenue D, Brooklyn, NY 11203, USA",40.6424792,-73.9307007
P.S. 209 Margaret Mead,"2609 E 7th St, Brooklyn, NY 11235, USA",40.5866912,-73.9616521
P.S. 21 Margaret Emery-Elm Park,"168 Hooker Pl, Staten Island, NY 10302, USA",40.6313074,-74.1446112
P.S. 213 New Lots,"580 Hegeman Ave, Brooklyn, NY 11207, USA",40.6599865,-73.890282
P.S. 214,"1970 W Farms Rd, The Bronx, NY 10460, USA",40.83941,-73.8801376
P.S. 215 Morris H. Weiss,"415 Avenue S, Brooklyn, NY 11223, USA",40.6026062,-73.9699019
P.S. 216 Arturo Toscanini,"350 Avenue X, Brooklyn, NY 11223, USA",40.5902191,-73.9698713
P.S. 217 Colonel David Marcus School,"1100 Newkirk Ave, Brooklyn, NY 11230, USA",40.6337679,-73.96624390000001
P.S. 219 Kennedy-King,"1060 Clarkson Ave, Brooklyn, NY 11212, USA",40.6591609,-73.922434
P.S. 223 Lyndon B. Johnson,"125-20 Sutphin Blvd, Jamaica, NY 11434, USA",40.674555,-73.7902123
P.S. 230 Doris L. Cohen,"1 Albemarle Rd, Brooklyn, NY 11218, USA",40.6451769,-73.9807802
P.S. 232 Lindenwood,"153-23 83rd St, Howard Beach, NY 11414, USA",40.6657686,-73.8508003
P.S. 234,"30-15 29th St, Astoria, NY 11102, USA",40.7668892,-73.9232147
P.S. 236 Mill Basin,"6302 Avenue U, Brooklyn, NY 11234, USA",40.6156927,-73.9124837
P.S. 238 Anne Sullivan,"1633 E 8th St, Brooklyn, NY 11223, USA",40.6086363,-73.96468270000001
P.S. 242 Leonard P. Stavisky Early Childhood School,"29-66 137th St, Flushing, NY 11354, USA",40.7697954,-73.83201830000002
P.S. 244 Richard R. Green,"5404 Tilden Ave, Brooklyn, NY 11203, USA",40.6479192,-73.92546519999999
P.S. 245,"249 E 17th St, Brooklyn, NY 11226, USA",40.64478039999999,-73.9628965
P.S. 246 Poe Center,"2641 Grand Concourse, The Bronx, NY 10468, USA",40.8662088,-73.89532319999999
P.S. 249 The Caton,"18 Marlborough Rd, Brooklyn, NY 11226, USA",40.6497568,-73.96638159999999
P.S. 250 George H. Lindsay,"108 Montrose Ave, Brooklyn, NY 11206, USA",40.7068735,-73.9454882
P.S. 253,"601 Ocean View Ave, Brooklyn, NY 11235, USA",40.5800951,-73.96171609999999
P.S. 254 - The Rosa Parks School,"84-40 101st St, Jamaica, NY 11418, USA",40.697177,-73.847866
P.S. 256 Benjamin Banneker,"114 Kosciuszko St, Brooklyn, NY 11216, USA",40.6905691,-73.9498049
P.S. 264 BAY RIDGE ELEMENTARY SCHOOL FOR THE ARTS,"371 89th St, Brooklyn, NY 11209, USA",40.6210088,-74.0295991
P.S. 272 Curtis Estabrook,"10124 Seaview Ave, Brooklyn, NY 11236, USA",40.6356012,-73.88645520000001
P.S. 277 Gerritsen Beach,"2529 Gerritsen Ave, Brooklyn, NY 11229, USA",40.5958779,-73.9279629
P.S. 28 - The Thomas Emanuel Early Childhood Center,"109-10 47th Ave, Flushing, NY 11368, USA",40.7471119,-73.85417369999999
P.S. 288 The Shirley Tanyhill,"2950 W 25th St, Brooklyn, NY 11224, USA",40.5742244,-73.9924608
P.S. 290 Juan Morel Campos,"135 Schenck Ave, Brooklyn, NY 11207, USA",40.6781833,-73.8894552
P.S. 295,"330 18th St, Brooklyn, NY 11215, USA",40.660959,-73.9889256
P.S. 297 Abraham Stockton,"700 Park Ave, Brooklyn, NY 11206, USA",40.6975513,-73.9477893
P.S. 298 Dr. Betty Shabazz,"85 Watkins St, Brooklyn, NY 11212, USA",40.671229,-73.90759880000002
P.S. 3 Raul Julia Micro Society,"2100 Lafontaine Ave, The Bronx, NY 10457, USA",40.8502515,-73.8917519
P.S. 306 Ethan Allen,"970 Vermont St, Brooklyn, NY 11207, USA",40.6552486,-73.8863315
P.S. 306,"40 W Tremont Ave, The Bronx, NY 10453, USA",40.8513941,-73.9108139
P.S. 307 Daniel Hale Williams,"209 York St, Brooklyn, NY 11201, USA",40.701462,-73.98141609999999
P.S. 308 Clara Cardwell,"616 Quincy St, Brooklyn, NY 11221, USA",40.688365,-73.9353462
P.S. 309 The George E. Wibecan Preparatory Academy,"794 Monroe St, Brooklyn, NY 11221, USA",40.6881066,-73.92436289999999
P.S. 312 Bergen Beach,"7103 Avenue T, Brooklyn, NY 11234, USA",40.6219849,-73.90925229999999
P.S. 326,"1800 Utica Ave, Brooklyn, NY 11234, USA",40.6284252,-73.92812889999999
P.S. 327 Dr. Rose B. English,"111 Bristol St, Brooklyn, NY 11212, USA",40.6682057,-73.9120378
P.S. 328 Phyllis Wheatley,"330 Alabama Ave, Brooklyn, NY 11207, USA",40.6679093,-73.8984124
P.S. 330,"110-08 Northern Blvd, Corona, NY 11368, USA",40.7576723,-73.85895169999999
P.S. 335 Granville T. Woods,"130 Rochester Ave, Brooklyn, NY 11213, USA",40.6744514,-73.9283126
P.S. 346 Abe Stark,"1400 Granville Payne Ave, Brooklyn, NY 11239, USA",40.6467211,-73.88182979999999
P.S. 361 East Flatbush Early Childhood School,"1957 Nostrand Ave, Brooklyn, NY 11210, USA",40.6377697,-73.9478957
P.S. 375 Jackie Robinson School,"46 McKeever Pl, Brooklyn, NY 11225, USA",40.6648721,-73.9595858
P.S. 376,"194 Harman St, Brooklyn, NY 11237, USA",40.698048,-73.92016600000001
P.S. 377 Alejandrina B. De Gautier,"200 Woodbine St, Brooklyn, NY 11221, USA",40.6937526,-73.9149302
P.S. 38 Roberto Clemente,"232 E 103rd St, New York, NY 10029, USA",40.7886777,-73.9448453
P.S. 380 John Wayne Elementary,"370 Marcy Ave, Brooklyn, NY 11206, USA",40.70199789999999,-73.9535703
P.S. 39 Francis J. Murphy Jr.,"99 MacFarland Ave, Staten Island, NY 10305, USA",40.5978429,-74.070158
P.S. 398 Walter Weaver,"60 E 94th St, Brooklyn, NY 11212, USA",40.66390699999999,-73.92780739999999
P.S. 398,"69-01 34th Ave, Flushing, NY 11377, USA",40.7527804,-73.896934
P.S. 399 Stanley Eugene Clark,"2707 Albemarle Rd, Brooklyn, NY 11226, USA",40.6482682,-73.95182539999999
P.S. 58 - School of Heroes,"72-24 Grand Ave, Flushing, NY 11378, USA",40.72851,-73.890603
P.S. 595,"700 E 179th St, The Bronx, NY 10457, USA",40.8463129,-73.8895023
P.S. 748 BROOKLYN SCHOOL FOR GLOBAL SCHOLARS,"1664 Benson Ave, Brooklyn, NY 11214, USA",40.6069857,-74.0073354
P.S. 90 Edna Cohen School,"2840 W 12th St, Brooklyn, NY 11224, USA",40.5780803,-73.98034
P.S. 971,"6214 4th Ave, Brooklyn, NY 11220, USA",40.6395128,-74.0203312
P.S. K225 - The Eileen E. Zaglin,"1075 Ocean View Ave, Brooklyn, NY 11235, USA",40.57980999999999,-73.9560103
P.S. X014 Senator John Calandra,"3047 Bruckner Blvd, The Bronx, NY 10461, USA",40.8358366,-73.8254453
P.S. X088 - S. Silverstein Little Sparrow School,"1340 Sheridan Ave, The Bronx, NY 10456, USA",40.8370256,-73.9135238
P.S. X114 - Luis Llorens Torres Schools,"1155 Cromwell Ave, The Bronx, NY 10452, USA",40.8349464,-73.92326070000001
P.S. X140 The Eagle School,"916 Eagle Ave, The Bronx, NY 10456, USA",40.8234226,-73.9076299
P.S. X811,"1434 Longfellow Ave, The Bronx, NY 10459, USA",40.8302019,-73.8874708
P.S./ M.S.138 Sunrise,"251-11 Weller Ave, Jamaica, NY 11422, USA",40.6599832,-73.7344343
P.S./I.S. 104 The Fort Hamilton School,"9115 5th Ave, Brooklyn, NY 11209, USA",40.6181011,-74.0286826
P.S./I.S. 217 Roosevelt Island,"645 Main St, New York, NY 10044, USA",40.764146,-73.9483885
P.S./I.S. 218 Rafael Hernandez Dual Language Magnet School,"1220 Gerard Ave, The Bronx, NY 10452, USA",40.8354825,-73.91972419999999
P.S./M.S. 004 Crotona Park West,"1717 Fulton Ave, The Bronx, NY 10457, USA",40.841754,-73.89797
PS 007 Louis F. Simeone Annex,"76-05 51st Ave, Elmhurst, NY 11373, USA",40.737207,-73.887005
PS 112 Lefferts Park Annex,"7301 15th Ave, Brooklyn, NY 11228, USA",40.6185893,-74.0018134
PS 226 Annex,"1910 Sedgwick Ave, The Bronx, NY 10453, USA",40.8552395,-73.91654319999999
PS 235 Janice Marie Knight School Annex,"10001 Flatlands Ave, Brooklyn, NY 11236, USA",40.6455815,-73.898157
PS 354,"126-10 Bedell St, Jamaica, NY 11434, USA",40.6797883,-73.7744566
PS 5 Port Morris,"564 Jackson Ave, The Bronx, NY 10455, USA",40.8135432,-73.9085228
PS 503: The School of Discovery,"330 59th St, Brooklyn, NY 11220, USA",40.6419176,-74.0190873
PS 78,"100 Tompkins Ave., Staten Island, NY 10304, USA",40.62223609999999,-74.07912089999999
PS/MS 194,"2365 Waterbury Ave, The Bronx, NY 10462, USA",40.8351995,-73.8465928
Paula Hedbavny School,"421 W 219th St, New York, NY 10034, USA",40.8714909,-73.9122076
Performing Arts and Technology High School,"400 Granville Payne Ave, Brooklyn, NY 11207, USA",40.66699029999999,-73.8947048
Port Richmond High School,"85 St Josephs Ave, Staten Island, NY 10302, USA",40.634843,-74.142015
RED HOOK NEIGHBORHOOD SCHOOL,"27 Huntington St, Brooklyn, NY 11231, USA",40.6779117,-74.0049023
Ralph A. Fabrizio School,"619 72nd St, Brooklyn, NY 11209, USA",40.6301379,-74.0186737
Richmond Hill High School,"89-30 114th St, Richmond Hill, NY 11418, USA",40.6949961,-73.8339115
River East Elementary,"2351 1st Avenue, New York, NY 10035, USA",40.7992798,-73.93391609999999
Riverdale / Kingsbridge Academy (Middle School / High School 141),"660 W 237th St, The Bronx, NY 10463, USA",40.8877008,-73.91360499999999
School for Excellence,"1110 Boston Rd, The Bronx, NY 10456, USA",40.8273033,-73.9045097
School for International Studies,"284 Baltic St, Brooklyn, NY 11201, USA",40.6849801,-73.9937004
School of the Future High School,"127 E 22nd St, New York, NY 10010, USA",40.7391109,-73.9853486
South Bronx Preparatory: A College Board School,"360 E 145th St, The Bronx, NY 10454, USA",40.8137231,-73.9206428
Stephen T. Mather Building Arts Craf,"439 W 49th St, New York, NY 10019, USA",40.76399929999999,-73.9908346
Stuyvesant High School,"345 Chambers St, New York, NY 10282, USA",40.7181492,-74.0137623
Tag Young Scholars,"240 E 109th St, New York, NY 10029, USA",40.792727,-73.9421359
Teachers College Community School,"168 Morningside Ave, New York, NY 10027, USA",40.812531,-73.95354739999999
The Active Learning Elementary School,"137-20 Franklin Ave, Flushing, NY 11355, USA",40.7545655,-73.8261965
The Angelo Patri Middle School,"2225 Webster Ave, The Bronx, NY 10457, USA",40.8546548,-73.8970362
The Bellaire School,"207-11 89th Ave, Jamaica, NY 11427, USA",40.720849,-73.757595
The Christa McAuliffe School\I.S. 187,"1171 65th St, Brooklyn, NY 11219, USA",40.6278464,-74.0040229
The Highbridge Green School,"200 W 167th St, The Bronx, NY 10452, USA",40.8380483,-73.9279911
The Hunts Point School,"730 Bryant Ave, The Bronx, NY 10474, USA",40.8157147,-73.8853003
The Lexington Academy,"131 E 104th St, New York, NY 10029, USA",40.7914348,-73.9474169
The Longwood Academy of Discovery,"888 Rev James A Polite Ave, The Bronx, NY 10459, USA",40.8201293,-73.8986342
The Matilda Avenue School,"4520 Matilda Ave, The Bronx, NY 10470, USA",40.90145589999999,-73.8540818
The Michael J. Petrides School,"715 Ocean Terrace, Staten Island, NY 10301, USA",40.608634,-74.10509290000002
The SEEALL Academy,"5601 16th Ave, Brooklyn, NY 11204, USA",40.6267129,-73.9895684
The STAR Academy - P.S.63,"121 E 3rd St, New York, NY 10009, USA",40.7244069,-73.9862627
The School of Creativity and Innovation,"736 48th St, Brooklyn, NY 11220, USA",40.6429373,-74.0041677
The Walton Avenue School,"1425 Walton Ave, The Bronx, NY 10452, USA",40.8403454,-73.91572839999999
Thomas A. Edison Career and Technical Education High School,"165-65 84th Ave, Jamaica, NY 11432, USA",40.7162107,-73.7988039
Thurgood Marshall Academy Lower School,"276 W 151st St, New York, NY 10039, USA",40.8258675,-73.9378107
Thurgood Marshall Academy for Learning and Social,"200 W 135th St, New York, NY 10030, USA",40.815261,-73.9443103
Urban Academy Laboratory High School,"317 E 67th St, New York, NY 10065, USA",40.7653683,-73.9596962
Vista Academy,"350 Linwood St, Brooklyn, NY 11208, USA",40.6771191,-73.8838969
Wadleigh Secondary School for the Performing & Vis,"215 W 114th St, New York, NY 10026, USA",40.8025744,-73.95414029999999
William Cullen Bryant High School,"48-10 31st Ave, Astoria, NY 11103, USA",40.7576896,-73.91037779999999
William E. Grady Career and Technical Education High School,"25 Brighton 4th Rd, Brooklyn, NY 11235, USA",40.5829591,-73.96344289999999
Williamsburg High School for Art and Technology,"223 Graham Ave, Brooklyn, NY 11206, USA",40.709729,-73.9443861
Young Voices Academy Of The Bronx,"800 Lydig Ave, The Bronx, NY 10462, USA",40.854327,-73.8636587
